year,month,day,hour,minute,second,date_key,date
2005,5,25,11,30,37,1,"2005-05-25 11:30:37"
2005,5,28,10,35,23,2,"2005-05-28 10:35:23"
2005,6,15,0,54,12,3,"2005-06-15 00:54:12"
2005,6,15,18,2,53,4,"2005-06-15 18:02:53"
2005,6,15,21,8,46,5,"2005-06-15 21:08:46"
2005,6,16,15,18,57,6,"2005-06-16 15:18:57"
2005,6,18,8,41,48,7,"2005-06-18 08:41:48"
2005,6,18,13,33,59,8,"2005-06-18 13:33:59"
2005,6,21,6,24,45,9,"2005-06-21 06:24:45"
2005,7,8,3,17,5,10,"2005-07-08 03:17:05"
2005,7,8,7,33,56,11,"2005-07-08 07:33:56"
2005,7,9,13,24,7,12,"2005-07-09 13:24:07"
2005,7,9,16,38,1,13,"2005-07-09 16:38:01"
2005,7,11,10,13,46,14,"2005-07-11 10:13:46"
2005,7,27,11,31,22,15,"2005-07-27 11:31:22"
2005,7,28,9,4,45,16,"2005-07-28 09:04:45"
2005,7,28,16,18,23,17,"2005-07-28 16:18:23"
2005,7,28,17,33,39,18,"2005-07-28 17:33:39"
2005,7,28,19,20,7,19,"2005-07-28 19:20:07"
2005,7,29,3,58,49,20,"2005-07-29 03:58:49"
2005,7,31,2,42,18,21,"2005-07-31 02:42:18"
2005,8,1,8,51,4,22,"2005-08-01 08:51:04"
2005,8,2,15,36,52,23,"2005-08-02 15:36:52"
2005,8,2,18,1,38,24,"2005-08-02 18:01:38"
2005,8,17,12,37,54,25,"2005-08-17 12:37:54"
2005,8,18,3,57,29,26,"2005-08-18 03:57:29"
2005,8,19,9,55,16,27,"2005-08-19 09:55:16"
2005,8,19,13,56,54,28,"2005-08-19 13:56:54"
2005,8,21,23,33,57,29,"2005-08-21 23:33:57"
2005,8,22,1,27,57,30,"2005-08-22 01:27:57"
2005,8,22,19,41,37,31,"2005-08-22 19:41:37"
2005,8,22,20,3,46,32,"2005-08-22 20:03:46"
2005,5,27,0,9,24,33,"2005-05-27 00:09:24"
2005,6,17,20,54,58,34,"2005-06-17 20:54:58"
2005,7,10,6,31,24,35,"2005-07-10 06:31:24"
2005,7,10,12,38,56,36,"2005-07-10 12:38:56"
2005,7,27,14,30,42,37,"2005-07-27 14:30:42"
2005,7,27,15,23,2,38,"2005-07-27 15:23:02"
2005,7,27,18,40,20,39,"2005-07-27 18:40:20"
2005,7,29,0,12,59,40,"2005-07-29 00:12:59"
2005,7,29,12,56,59,41,"2005-07-29 12:56:59"
2005,7,29,17,14,29,42,"2005-07-29 17:14:29"
2005,7,30,6,6,10,43,"2005-07-30 06:06:10"
2005,7,30,13,47,43,44,"2005-07-30 13:47:43"
2005,7,30,14,14,11,45,"2005-07-30 14:14:11"
2005,7,30,16,21,13,46,"2005-07-30 16:21:13"
2005,7,30,22,39,53,47,"2005-07-30 22:39:53"
2005,7,31,21,58,56,48,"2005-07-31 21:58:56"
2005,8,1,9,45,26,49,"2005-08-01 09:45:26"
2005,8,2,2,10,56,50,"2005-08-02 02:10:56"
2005,8,2,7,41,41,51,"2005-08-02 07:41:41"
2005,8,2,10,43,48,52,"2005-08-02 10:43:48"
2005,8,2,13,44,53,53,"2005-08-02 13:44:53"
2005,8,17,3,52,18,54,"2005-08-17 03:52:18"
2005,8,19,6,26,4,55,"2005-08-19 06:26:04"
2005,8,21,13,24,32,56,"2005-08-21 13:24:32"
2005,8,21,22,41,56,57,"2005-08-21 22:41:56"
2005,8,22,13,53,4,58,"2005-08-22 13:53:04"
2005,8,23,17,39,35,59,"2005-08-23 17:39:35"
2005,5,27,17,17,9,60,"2005-05-27 17:17:09"
2005,5,29,22,43,55,61,"2005-05-29 22:43:55"
2005,6,16,1,34,5,62,"2005-06-16 01:34:05"
2005,6,16,15,19,10,63,"2005-06-16 15:19:10"
2005,6,17,5,15,15,64,"2005-06-17 05:15:15"
2005,6,19,8,34,53,65,"2005-06-19 08:34:53"
2005,7,7,10,23,25,66,"2005-07-07 10:23:25"
2005,7,8,12,47,11,67,"2005-07-08 12:47:11"
2005,7,27,4,54,42,68,"2005-07-27 04:54:42"
2005,7,27,20,23,12,69,"2005-07-27 20:23:12"
2005,7,28,3,59,21,70,"2005-07-28 03:59:21"
2005,7,28,4,46,30,71,"2005-07-28 04:46:30"
2005,7,28,11,46,45,72,"2005-07-28 11:46:45"
2005,7,28,18,17,14,73,"2005-07-28 18:17:14"
2005,7,29,11,7,4,74,"2005-07-29 11:07:04"
2005,7,30,13,31,20,75,"2005-07-30 13:31:20"
2005,7,30,21,45,46,76,"2005-07-30 21:45:46"
2005,7,31,3,27,58,77,"2005-07-31 03:27:58"
2005,7,31,11,32,58,78,"2005-07-31 11:32:58"
2005,8,1,14,19,48,79,"2005-08-01 14:19:48"
2005,8,18,14,49,55,80,"2005-08-18 14:49:55"
2005,8,19,22,18,7,81,"2005-08-19 22:18:07"
2005,8,20,6,14,12,82,"2005-08-20 06:14:12"
2005,8,21,20,50,48,83,"2005-08-21 20:50:48"
2005,8,22,9,37,27,84,"2005-08-22 09:37:27"
2005,8,23,7,10,14,85,"2005-08-23 07:10:14"
2005,6,15,9,31,28,86,"2005-06-15 09:31:28"
2005,6,16,8,8,40,87,"2005-06-16 08:08:40"
2005,6,16,14,1,27,88,"2005-06-16 14:01:27"
2005,6,16,15,51,52,89,"2005-06-16 15:51:52"
2005,6,17,14,31,12,90,"2005-06-17 14:31:12"
2005,6,19,9,39,1,91,"2005-06-19 09:39:01"
2005,7,28,2,10,10,92,"2005-07-28 02:10:10"
2005,7,28,4,37,59,93,"2005-07-28 04:37:59"
2005,7,29,18,44,57,94,"2005-07-29 18:44:57"
2005,7,30,8,46,9,95,"2005-07-30 08:46:09"
2005,7,30,18,58,0,96,"2005-07-30 18:58:00"
2005,8,2,7,9,34,97,"2005-08-02 07:09:34"
2005,8,2,8,20,31,98,"2005-08-02 08:20:31"
2005,8,17,0,28,1,99,"2005-08-17 00:28:01"
2005,8,18,0,14,3,100,"2005-08-18 00:14:03"
2005,8,18,5,14,44,101,"2005-08-18 05:14:44"
2005,8,19,2,19,13,102,"2005-08-19 02:19:13"
2005,8,20,9,32,4,103,"2005-08-20 09:32:04"
2005,8,20,12,55,40,104,"2005-08-20 12:55:40"
2005,8,21,4,53,37,105,"2005-08-21 04:53:37"
2005,8,22,13,58,23,106,"2005-08-22 13:58:23"
2005,8,23,7,43,0,107,"2005-08-23 07:43:00"
2005,5,29,7,25,16,108,"2005-05-29 07:25:16"
2005,5,31,11,15,43,109,"2005-05-31 11:15:43"
2005,5,31,19,46,38,110,"2005-05-31 19:46:38"
2005,6,15,22,3,14,111,"2005-06-15 22:03:14"
2005,6,16,8,1,2,112,"2005-06-16 08:01:02"
2005,6,17,15,56,53,113,"2005-06-17 15:56:53"
2005,6,19,4,20,13,114,"2005-06-19 04:20:13"
2005,6,20,18,38,22,115,"2005-06-20 18:38:22"
2005,7,6,9,11,58,116,"2005-07-06 09:11:58"
2005,7,8,20,4,43,117,"2005-07-08 20:04:43"
2005,7,9,1,57,57,118,"2005-07-09 01:57:57"
2005,7,9,7,13,52,119,"2005-07-09 07:13:52"
2005,7,9,8,51,42,120,"2005-07-09 08:51:42"
2005,7,10,11,9,35,121,"2005-07-10 11:09:35"
2005,7,11,3,17,4,122,"2005-07-11 03:17:04"
2005,7,12,11,27,35,123,"2005-07-12 11:27:35"
2005,7,12,12,16,28,124,"2005-07-12 12:16:28"
2005,7,27,12,37,28,125,"2005-07-27 12:37:28"
2005,7,28,1,50,29,126,"2005-07-28 01:50:29"
2005,7,28,8,43,39,127,"2005-07-28 08:43:39"
2005,7,29,1,11,23,128,"2005-07-29 01:11:23"
2005,7,30,4,14,28,129,"2005-07-30 04:14:28"
2005,7,30,23,52,30,130,"2005-07-30 23:52:30"
2005,7,31,14,0,53,131,"2005-07-31 14:00:53"
2005,8,1,14,48,45,132,"2005-08-01 14:48:45"
2005,8,1,15,27,10,133,"2005-08-01 15:27:10"
2005,8,2,4,56,45,134,"2005-08-02 04:56:45"
2005,8,2,10,50,6,135,"2005-08-02 10:50:06"
2005,8,17,16,28,53,136,"2005-08-17 16:28:53"
2005,8,18,0,10,4,137,"2005-08-18 00:10:04"
2005,8,19,0,24,8,138,"2005-08-19 00:24:08"
2005,8,19,9,45,41,139,"2005-08-19 09:45:41"
2005,8,20,15,16,18,140,"2005-08-20 15:16:18"
2005,8,20,22,13,59,141,"2005-08-20 22:13:59"
2005,8,21,11,31,11,142,"2005-08-21 11:31:11"
2005,8,21,14,2,50,143,"2005-08-21 14:02:50"
2005,8,22,17,37,2,144,"2005-08-22 17:37:02"
2006,2,14,15,16,3,145,"2006-02-14 15:16:03"
2005,5,25,8,43,32,146,"2005-05-25 08:43:32"
2005,5,28,11,9,14,147,"2005-05-28 11:09:14"
2005,5,30,11,25,1,148,"2005-05-30 11:25:01"
2005,6,16,3,41,38,149,"2005-06-16 03:41:38"
2005,6,16,23,44,13,150,"2005-06-16 23:44:13"
2005,6,17,9,19,45,151,"2005-06-17 09:19:45"
2005,6,18,12,3,23,152,"2005-06-18 12:03:23"
2005,7,6,23,14,21,153,"2005-07-06 23:14:21"
2005,7,7,14,53,24,154,"2005-07-07 14:53:24"
2005,7,10,3,3,35,155,"2005-07-10 03:03:35"
2005,7,11,12,39,1,156,"2005-07-11 12:39:01"
2005,7,11,15,1,54,157,"2005-07-11 15:01:54"
2005,7,12,12,18,38,158,"2005-07-12 12:18:38"
2005,7,27,5,3,44,159,"2005-07-27 05:03:44"
2005,7,27,6,38,25,160,"2005-07-27 06:38:25"
2005,7,28,18,47,23,161,"2005-07-28 18:47:23"
2005,8,1,3,13,39,162,"2005-08-01 03:13:39"
2005,8,2,5,36,38,163,"2005-08-02 05:36:38"
2005,8,2,18,55,15,164,"2005-08-02 18:55:15"
2005,8,17,2,29,41,165,"2005-08-17 02:29:41"
2005,8,17,8,12,20,166,"2005-08-17 08:12:20"
2005,8,17,13,39,32,167,"2005-08-17 13:39:32"
2005,8,18,4,5,29,168,"2005-08-18 04:05:29"
2005,8,20,0,18,25,169,"2005-08-20 00:18:25"
2005,8,21,8,22,56,170,"2005-08-21 08:22:56"
2005,8,21,9,49,28,171,"2005-08-21 09:49:28"
2005,8,23,2,51,24,172,"2005-08-23 02:51:24"
2005,8,23,6,41,32,173,"2005-08-23 06:41:32"
2005,5,25,6,4,8,174,"2005-05-25 06:04:08"
2005,5,25,19,30,46,175,"2005-05-25 19:30:46"
2005,5,29,9,27,0,176,"2005-05-29 09:27:00"
2005,5,30,21,7,15,177,"2005-05-30 21:07:15"
2005,5,31,8,44,29,178,"2005-05-31 08:44:29"
2005,6,16,21,6,0,179,"2005-06-16 21:06:00"
2005,6,18,5,3,36,180,"2005-06-18 05:03:36"
2005,6,19,14,0,26,181,"2005-06-19 14:00:26"
2005,6,20,1,50,56,182,"2005-06-20 01:50:56"
2005,6,20,10,11,53,183,"2005-06-20 10:11:53"
2005,7,6,7,9,17,184,"2005-07-06 07:09:17"
2005,7,7,13,22,20,185,"2005-07-07 13:22:20"
2005,7,8,16,16,4,186,"2005-07-08 16:16:04"
2005,7,8,18,47,38,187,"2005-07-08 18:47:38"
2005,7,9,21,52,5,188,"2005-07-09 21:52:05"
2005,7,10,21,35,12,189,"2005-07-10 21:35:12"
2005,7,11,10,36,28,190,"2005-07-11 10:36:28"
2005,7,11,17,30,58,191,"2005-07-11 17:30:58"
2005,7,12,15,17,42,192,"2005-07-12 15:17:42"
2005,7,29,7,2,55,193,"2005-07-29 07:02:55"
2005,7,31,4,30,3,194,"2005-07-31 04:30:03"
2005,8,1,4,57,4,195,"2005-08-01 04:57:04"
2005,8,1,8,19,53,196,"2005-08-01 08:19:53"
2005,8,1,11,39,26,197,"2005-08-01 11:39:26"
2005,8,1,15,52,0,198,"2005-08-01 15:52:00"
2005,8,2,4,40,54,199,"2005-08-02 04:40:54"
2005,8,17,0,51,32,200,"2005-08-17 00:51:32"
2005,8,18,7,57,14,201,"2005-08-18 07:57:14"
2005,8,18,21,55,1,202,"2005-08-18 21:55:01"
2005,8,19,21,23,31,203,"2005-08-19 21:23:31"
2005,8,20,1,6,4,204,"2005-08-20 01:06:04"
2005,8,20,5,53,31,205,"2005-08-20 05:53:31"
2005,8,21,4,49,48,206,"2005-08-21 04:49:48"
2005,5,30,3,43,54,207,"2005-05-30 03:43:54"
2005,6,15,9,59,16,208,"2005-06-15 09:59:16"
2005,6,17,18,21,35,209,"2005-06-17 18:21:35"
2005,6,20,17,57,47,210,"2005-06-20 17:57:47"
2005,7,5,23,1,21,211,"2005-07-05 23:01:21"
2005,7,7,0,9,2,212,"2005-07-07 00:09:02"
2005,7,7,10,2,3,213,"2005-07-07 10:02:03"
2005,7,7,21,47,29,214,"2005-07-07 21:47:29"
2005,7,8,2,17,12,215,"2005-07-08 02:17:12"
2005,7,9,15,40,46,216,"2005-07-09 15:40:46"
2005,7,9,17,13,23,217,"2005-07-09 17:13:23"
2005,7,11,21,39,46,218,"2005-07-11 21:39:46"
2005,7,12,10,43,53,219,"2005-07-12 10:43:53"
2005,7,29,21,42,49,220,"2005-07-29 21:42:49"
2005,7,31,4,54,43,221,"2005-07-31 04:54:43"
2005,7,31,22,8,29,222,"2005-07-31 22:08:29"
2005,8,1,13,5,35,223,"2005-08-01 13:05:35"
2005,8,2,13,4,12,224,"2005-08-02 13:04:12"
2005,8,2,14,42,45,225,"2005-08-02 14:42:45"
2005,8,18,17,16,1,226,"2005-08-18 17:16:01"
2005,8,21,1,7,11,227,"2005-08-21 01:07:11"
2005,8,22,22,9,9,228,"2005-08-22 22:09:09"
2005,8,23,13,5,10,229,"2005-08-23 13:05:10"
2005,8,23,14,31,19,230,"2005-08-23 14:31:19"
2005,5,27,5,1,28,231,"2005-05-27 05:01:28"
2005,5,30,5,48,59,232,"2005-05-30 05:48:59"
2005,5,31,10,13,34,233,"2005-05-31 10:13:34"
2005,6,20,19,59,28,234,"2005-06-20 19:59:28"
2005,6,21,4,8,43,235,"2005-06-21 04:08:43"
2005,7,7,23,37,0,236,"2005-07-07 23:37:00"
2005,7,8,13,59,38,237,"2005-07-08 13:59:38"
2005,7,8,16,35,44,238,"2005-07-08 16:35:44"
2005,7,10,7,45,40,239,"2005-07-10 07:45:40"
2005,7,11,2,8,29,240,"2005-07-11 02:08:29"
2005,7,11,10,17,29,241,"2005-07-11 10:17:29"
2005,7,28,0,15,26,242,"2005-07-28 00:15:26"
2005,7,28,7,51,56,243,"2005-07-28 07:51:56"
2005,7,30,6,34,7,244,"2005-07-30 06:34:07"
2005,8,1,9,11,25,245,"2005-08-01 09:11:25"
2005,8,1,9,14,0,246,"2005-08-01 09:14:00"
2005,8,2,19,0,52,247,"2005-08-02 19:00:52"
2005,8,17,1,11,53,248,"2005-08-17 01:11:53"
2005,8,18,3,8,10,249,"2005-08-18 03:08:10"
2005,8,18,5,58,40,250,"2005-08-18 05:58:40"
2005,8,18,18,48,58,251,"2005-08-18 18:48:58"
2005,8,21,13,53,59,252,"2005-08-21 13:53:59"
2005,5,31,19,36,30,253,"2005-05-31 19:36:30"
2005,6,16,20,21,53,254,"2005-06-16 20:21:53"
2005,6,17,11,11,14,255,"2005-06-17 11:11:14"
2005,6,18,3,26,23,256,"2005-06-18 03:26:23"
2005,6,19,20,1,59,257,"2005-06-19 20:01:59"
2005,6,20,0,0,55,258,"2005-06-20 00:00:55"
2005,7,6,14,13,45,259,"2005-07-06 14:13:45"
2005,7,7,3,6,40,260,"2005-07-07 03:06:40"
2005,7,7,14,14,13,261,"2005-07-07 14:14:13"
2005,7,9,3,12,52,262,"2005-07-09 03:12:52"
2005,7,9,4,53,18,263,"2005-07-09 04:53:18"
2005,7,9,21,58,57,264,"2005-07-09 21:58:57"
2005,7,10,20,41,9,265,"2005-07-10 20:41:09"
2005,7,28,5,21,42,266,"2005-07-28 05:21:42"
2005,7,28,15,10,55,267,"2005-07-28 15:10:55"
2005,7,28,22,34,12,268,"2005-07-28 22:34:12"
2005,7,31,15,27,7,269,"2005-07-31 15:27:07"
2005,8,1,17,9,59,270,"2005-08-01 17:09:59"
2005,8,2,14,55,0,271,"2005-08-02 14:55:00"
2005,8,2,19,13,39,272,"2005-08-02 19:13:39"
2005,8,17,20,11,35,273,"2005-08-17 20:11:35"
2005,8,18,9,19,12,274,"2005-08-18 09:19:12"
2005,8,19,19,23,30,275,"2005-08-19 19:23:30"
2005,8,20,16,43,28,276,"2005-08-20 16:43:28"
2005,8,22,21,59,29,277,"2005-08-22 21:59:29"
2005,5,30,22,59,12,278,"2005-05-30 22:59:12"
2005,6,15,20,53,7,279,"2005-06-15 20:53:07"
2005,6,17,7,26,45,280,"2005-06-17 07:26:45"
2005,6,20,23,49,12,281,"2005-06-20 23:49:12"
2005,7,8,7,19,11,282,"2005-07-08 07:19:11"
2005,7,8,22,43,5,283,"2005-07-08 22:43:05"
2005,7,10,16,44,58,284,"2005-07-10 16:44:58"
2005,7,11,9,9,59,285,"2005-07-11 09:09:59"
2005,7,27,13,13,32,286,"2005-07-27 13:13:32"
2005,7,28,15,32,7,287,"2005-07-28 15:32:07"
2005,7,28,18,43,11,288,"2005-07-28 18:43:11"
2005,7,29,7,38,14,289,"2005-07-29 07:38:14"
2005,7,29,17,33,45,290,"2005-07-29 17:33:45"
2005,7,30,3,17,13,291,"2005-07-30 03:17:13"
2005,7,30,16,8,21,292,"2005-07-30 16:08:21"
2005,8,1,22,41,16,293,"2005-08-01 22:41:16"
2005,8,2,10,14,58,294,"2005-08-02 10:14:58"
2005,8,16,23,6,30,295,"2005-08-16 23:06:30"
2005,8,17,19,32,44,296,"2005-08-17 19:32:44"
2005,8,20,5,7,27,297,"2005-08-20 05:07:27"
2005,8,20,12,17,27,298,"2005-08-20 12:17:27"
2005,8,22,12,42,47,299,"2005-08-22 12:42:47"
2005,8,22,17,46,41,300,"2005-08-22 17:46:41"
2005,5,30,23,8,3,301,"2005-05-30 23:08:03"
2005,5,31,11,10,17,302,"2005-05-31 11:10:17"
2005,6,16,17,2,55,303,"2005-06-16 17:02:55"
2005,6,18,18,11,51,304,"2005-06-18 18:11:51"
2005,6,18,23,7,12,305,"2005-06-18 23:07:12"
2005,6,19,8,11,51,306,"2005-06-19 08:11:51"
2005,6,20,19,33,52,307,"2005-06-20 19:33:52"
2005,6,21,16,31,27,308,"2005-06-21 16:31:27"
2005,7,6,17,57,54,309,"2005-07-06 17:57:54"
2005,7,9,5,0,39,310,"2005-07-09 05:00:39"
2005,7,9,5,6,24,311,"2005-07-09 05:06:24"
2005,7,9,7,2,19,312,"2005-07-09 07:02:19"
2005,7,9,13,20,25,313,"2005-07-09 13:20:25"
2005,7,12,15,55,39,314,"2005-07-12 15:55:39"
2005,7,27,1,44,3,315,"2005-07-27 01:44:03"
2005,7,27,11,50,47,316,"2005-07-27 11:50:47"
2005,7,30,4,34,51,317,"2005-07-30 04:34:51"
2005,7,30,11,26,28,318,"2005-07-30 11:26:28"
2005,7,30,13,49,43,319,"2005-07-30 13:49:43"
2005,7,31,4,42,46,320,"2005-07-31 04:42:46"
2005,7,31,7,45,33,321,"2005-07-31 07:45:33"
2005,8,1,6,50,26,322,"2005-08-01 06:50:26"
2005,8,16,22,52,30,323,"2005-08-16 22:52:30"
2005,8,18,16,58,48,324,"2005-08-18 16:58:48"
2005,8,20,2,37,7,325,"2005-08-20 02:37:07"
2005,8,20,15,58,28,326,"2005-08-20 15:58:28"
2005,8,21,5,19,39,327,"2005-08-21 05:19:39"
2005,8,23,20,28,44,328,"2005-08-23 20:28:44"
2005,6,17,6,54,42,329,"2005-06-17 06:54:42"
2005,6,18,2,24,1,330,"2005-06-18 02:24:01"
2005,6,20,6,26,57,331,"2005-06-20 06:26:57"
2005,6,20,12,45,33,332,"2005-06-20 12:45:33"
2005,7,6,21,39,24,333,"2005-07-06 21:39:24"
2005,7,11,7,43,8,334,"2005-07-11 07:43:08"
2005,7,12,5,45,47,335,"2005-07-12 05:45:47"
2005,7,12,20,13,45,336,"2005-07-12 20:13:45"
2005,7,12,21,30,41,337,"2005-07-12 21:30:41"
2005,7,28,11,49,53,338,"2005-07-28 11:49:53"
2005,7,29,1,38,53,339,"2005-07-29 01:38:53"
2005,7,29,22,37,41,340,"2005-07-29 22:37:41"
2005,7,30,14,38,22,341,"2005-07-30 14:38:22"
2005,7,30,21,29,41,342,"2005-07-30 21:29:41"
2005,7,31,6,12,8,343,"2005-07-31 06:12:08"
2005,7,31,8,58,40,344,"2005-07-31 08:58:40"
2005,7,31,17,48,51,345,"2005-07-31 17:48:51"
2005,8,2,14,58,41,346,"2005-08-02 14:58:41"
2005,8,2,16,5,17,347,"2005-08-02 16:05:17"
2005,8,17,9,44,59,348,"2005-08-17 09:44:59"
2005,8,19,4,31,36,349,"2005-08-19 04:31:36"
2005,8,19,10,49,3,350,"2005-08-19 10:49:03"
2005,8,19,15,25,48,351,"2005-08-19 15:25:48"
2005,8,20,0,33,19,352,"2005-08-20 00:33:19"
2005,8,21,5,44,7,353,"2005-08-21 05:44:07"
2005,8,21,15,44,23,354,"2005-08-21 15:44:23"
2005,8,22,20,51,24,355,"2005-08-22 20:51:24"
2005,5,26,0,37,28,356,"2005-05-26 00:37:28"
2005,5,27,4,34,41,357,"2005-05-27 04:34:41"
2005,5,28,4,25,33,358,"2005-05-28 04:25:33"
2005,5,28,22,4,30,359,"2005-05-28 22:04:30"
2005,5,29,20,24,28,360,"2005-05-29 20:24:28"
2005,6,15,13,32,15,361,"2005-06-15 13:32:15"
2005,7,6,10,21,49,362,"2005-07-06 10:21:49"
2005,7,8,23,0,7,363,"2005-07-08 23:00:07"
2005,7,9,6,37,7,364,"2005-07-09 06:37:07"
2005,7,9,16,10,25,365,"2005-07-09 16:10:25"
2005,7,9,19,14,32,366,"2005-07-09 19:14:32"
2005,7,10,3,29,48,367,"2005-07-10 03:29:48"
2005,7,28,16,23,1,368,"2005-07-28 16:23:01"
2005,7,28,16,45,11,369,"2005-07-28 16:45:11"
2005,7,29,11,11,33,370,"2005-07-29 11:11:33"
2005,7,29,22,46,8,371,"2005-07-29 22:46:08"
2005,7,30,21,36,15,372,"2005-07-30 21:36:15"
2005,7,31,3,21,16,373,"2005-07-31 03:21:16"
2005,8,1,5,23,0,374,"2005-08-01 05:23:00"
2005,8,1,11,55,33,375,"2005-08-01 11:55:33"
2005,8,2,22,18,24,376,"2005-08-02 22:18:24"
2005,8,17,0,27,23,377,"2005-08-17 00:27:23"
2005,8,18,19,16,47,378,"2005-08-18 19:16:47"
2005,8,20,11,20,12,379,"2005-08-20 11:20:12"
2005,8,22,8,43,50,380,"2005-08-22 08:43:50"
2005,8,22,22,8,11,381,"2005-08-22 22:08:11"
2005,8,23,22,25,26,382,"2005-08-23 22:25:26"
2005,6,18,21,26,56,383,"2005-06-18 21:26:56"
2005,6,20,5,15,37,384,"2005-06-20 05:15:37"
2005,6,20,22,52,18,385,"2005-06-20 22:52:18"
2005,7,6,2,29,21,386,"2005-07-06 02:29:21"
2005,7,7,7,26,19,387,"2005-07-07 07:26:19"
2005,7,10,11,2,3,388,"2005-07-10 11:02:03"
2005,7,11,0,14,19,389,"2005-07-11 00:14:19"
2005,7,27,5,15,37,390,"2005-07-27 05:15:37"
2005,7,28,22,50,50,391,"2005-07-28 22:50:50"
2005,7,29,13,36,1,392,"2005-07-29 13:36:01"
2005,7,30,2,13,31,393,"2005-07-30 02:13:31"
2005,7,31,17,22,35,394,"2005-07-31 17:22:35"
2005,8,2,8,44,18,395,"2005-08-02 08:44:18"
2005,8,2,9,29,11,396,"2005-08-02 09:29:11"
2005,8,2,15,48,8,397,"2005-08-02 15:48:08"
2005,8,2,17,9,24,398,"2005-08-02 17:09:24"
2005,8,17,16,20,37,399,"2005-08-17 16:20:37"
2005,8,18,4,39,10,400,"2005-08-18 04:39:10"
2005,8,18,14,46,26,401,"2005-08-18 14:46:26"
2005,8,18,18,0,23,402,"2005-08-18 18:00:23"
2005,8,19,20,18,36,403,"2005-08-19 20:18:36"
2005,8,19,22,3,46,404,"2005-08-19 22:03:46"
2005,8,20,2,0,33,405,"2005-08-20 02:00:33"
2005,8,20,3,41,41,406,"2005-08-20 03:41:41"
2005,8,20,8,34,41,407,"2005-08-20 08:34:41"
2005,8,21,16,31,22,408,"2005-08-21 16:31:22"
2005,8,21,23,53,35,409,"2005-08-21 23:53:35"
2005,8,22,3,23,41,410,"2005-08-22 03:23:41"
2005,8,22,15,36,4,411,"2005-08-22 15:36:04"
2005,8,23,17,12,31,412,"2005-08-23 17:12:31"
2005,5,27,3,7,10,413,"2005-05-27 03:07:10"
2005,5,28,13,33,23,414,"2005-05-28 13:33:23"
2005,5,30,7,10,0,415,"2005-05-30 07:10:00"
2005,5,31,2,53,36,416,"2005-05-31 02:53:36"
2005,6,17,7,4,57,417,"2005-06-17 07:04:57"
2005,6,17,7,50,53,418,"2005-06-17 07:50:53"
2005,6,20,7,10,9,419,"2005-06-20 07:10:09"
2005,6,21,11,16,42,420,"2005-06-21 11:16:42"
2005,7,6,2,23,39,421,"2005-07-06 02:23:39"
2005,7,7,12,11,22,422,"2005-07-07 12:11:22"
2005,7,7,14,24,44,423,"2005-07-07 14:24:44"
2005,7,8,2,45,19,424,"2005-07-08 02:45:19"
2005,7,11,6,40,31,425,"2005-07-11 06:40:31"
2005,7,27,19,39,38,426,"2005-07-27 19:39:38"
2005,7,27,22,3,41,427,"2005-07-27 22:03:41"
2005,7,29,7,45,0,428,"2005-07-29 07:45:00"
2005,7,30,11,12,3,429,"2005-07-30 11:12:03"
2005,7,31,3,54,5,430,"2005-07-31 03:54:05"
2005,8,1,17,53,2,431,"2005-08-01 17:53:02"
2005,8,1,19,15,8,432,"2005-08-01 19:15:08"
2005,8,2,15,50,44,433,"2005-08-02 15:50:44"
2005,8,17,22,53,0,434,"2005-08-17 22:53:00"
2005,8,18,7,41,43,435,"2005-08-18 07:41:43"
2005,8,18,15,39,46,436,"2005-08-18 15:39:46"
2005,8,19,13,8,23,437,"2005-08-19 13:08:23"
2005,8,19,22,1,42,438,"2005-08-19 22:01:42"
2005,8,20,1,10,27,439,"2005-08-20 01:10:27"
2005,8,21,14,45,34,440,"2005-08-21 14:45:34"
2005,5,26,19,44,54,441,"2005-05-26 19:44:54"
2005,5,28,11,19,53,442,"2005-05-28 11:19:53"
2005,5,30,6,41,32,443,"2005-05-30 06:41:32"
2005,6,18,0,17,58,444,"2005-06-18 00:17:58"
2005,6,19,12,29,8,445,"2005-06-19 12:29:08"
2005,6,21,5,6,30,446,"2005-06-21 05:06:30"
2005,7,10,10,46,57,447,"2005-07-10 10:46:57"
2005,7,10,19,25,21,448,"2005-07-10 19:25:21"
2005,7,12,20,52,41,449,"2005-07-12 20:52:41"
2005,7,28,17,45,58,450,"2005-07-28 17:45:58"
2005,7,28,23,37,33,451,"2005-07-28 23:37:33"
2005,7,30,8,30,56,452,"2005-07-30 08:30:56"
2005,7,30,10,11,52,453,"2005-07-30 10:11:52"
2005,7,30,19,23,44,454,"2005-07-30 19:23:44"
2005,7,30,23,43,32,455,"2005-07-30 23:43:32"
2005,8,17,18,26,22,456,"2005-08-17 18:26:22"
2005,8,20,10,24,41,457,"2005-08-20 10:24:41"
2005,8,20,21,43,44,458,"2005-08-20 21:43:44"
2005,8,21,8,15,41,459,"2005-08-21 08:15:41"
2005,8,21,8,42,26,460,"2005-08-21 08:42:26"
2005,8,23,12,41,38,461,"2005-08-23 12:41:38"
2005,5,25,6,44,53,462,"2005-05-25 06:44:53"
2005,5,25,19,27,51,463,"2005-05-25 19:27:51"
2005,5,29,1,32,10,464,"2005-05-29 01:32:10"
2005,6,15,19,30,18,465,"2005-06-15 19:30:18"
2005,6,16,19,23,23,466,"2005-06-16 19:23:23"
2005,6,17,19,52,42,467,"2005-06-17 19:52:42"
2005,6,20,9,2,51,468,"2005-06-20 09:02:51"
2005,7,8,10,15,38,469,"2005-07-08 10:15:38"
2005,7,8,12,46,30,470,"2005-07-08 12:46:30"
2005,7,8,21,44,39,471,"2005-07-08 21:44:39"
2005,7,11,8,15,8,472,"2005-07-11 08:15:08"
2005,7,12,19,20,45,473,"2005-07-12 19:20:45"
2005,7,28,19,27,37,474,"2005-07-28 19:27:37"
2005,7,29,11,18,1,475,"2005-07-29 11:18:01"
2005,7,30,6,18,38,476,"2005-07-30 06:18:38"
2005,7,30,9,13,21,477,"2005-07-30 09:13:21"
2005,8,1,17,32,53,478,"2005-08-01 17:32:53"
2005,8,1,19,5,18,479,"2005-08-01 19:05:18"
2005,8,2,8,3,2,480,"2005-08-02 08:03:02"
2005,8,2,20,22,45,481,"2005-08-02 20:22:45"
2005,8,18,6,51,39,482,"2005-08-18 06:51:39"
2005,8,20,1,29,29,483,"2005-08-20 01:29:29"
2005,5,25,1,10,47,484,"2005-05-25 01:10:47"
2005,5,25,18,43,49,485,"2005-05-25 18:43:49"
2005,5,26,4,26,6,486,"2005-05-26 04:26:06"
2005,5,27,3,22,30,487,"2005-05-27 03:22:30"
2005,5,28,13,11,4,488,"2005-05-28 13:11:04"
2005,5,29,1,59,10,489,"2005-05-29 01:59:10"
2005,6,19,10,42,59,490,"2005-06-19 10:42:59"
2005,6,19,22,55,37,491,"2005-06-19 22:55:37"
2005,6,21,17,38,2,492,"2005-06-21 17:38:02"
2005,7,6,2,24,55,493,"2005-07-06 02:24:55"
2005,7,12,2,57,2,494,"2005-07-12 02:57:02"
2005,7,30,11,6,23,495,"2005-07-30 11:06:23"
2005,7,30,14,29,29,496,"2005-07-30 14:29:29"
2005,7,31,20,1,6,497,"2005-07-31 20:01:06"
2005,7,31,23,40,35,498,"2005-07-31 23:40:35"
2005,8,16,23,27,36,499,"2005-08-16 23:27:36"
2005,8,17,14,10,22,500,"2005-08-17 14:10:22"
2005,8,18,2,31,18,501,"2005-08-18 02:31:18"
2005,8,18,7,40,52,502,"2005-08-18 07:40:52"
2005,8,20,9,53,44,503,"2005-08-20 09:53:44"
2005,8,20,12,46,32,504,"2005-08-20 12:46:32"
2005,8,21,0,33,3,505,"2005-08-21 00:33:03"
2005,8,22,9,57,16,506,"2005-08-22 09:57:16"
2005,8,23,3,46,47,507,"2005-08-23 03:46:47"
2005,5,26,7,27,36,508,"2005-05-26 07:27:36"
2005,5,28,0,54,39,509,"2005-05-28 00:54:39"
2005,5,28,7,16,25,510,"2005-05-28 07:16:25"
2005,6,16,2,33,53,511,"2005-06-16 02:33:53"
2005,6,17,21,16,41,512,"2005-06-17 21:16:41"
2005,6,18,11,46,26,513,"2005-06-18 11:46:26"
2005,6,21,11,21,38,514,"2005-06-21 11:21:38"
2005,7,7,0,48,25,515,"2005-07-07 00:48:25"
2005,7,7,21,39,45,516,"2005-07-07 21:39:45"
2005,7,10,11,3,20,517,"2005-07-10 11:03:20"
2005,7,11,15,10,18,518,"2005-07-11 15:10:18"
2005,7,11,15,53,0,519,"2005-07-11 15:53:00"
2005,7,27,9,31,44,520,"2005-07-27 09:31:44"
2005,7,28,10,6,10,521,"2005-07-28 10:06:10"
2005,7,28,19,45,19,522,"2005-07-28 19:45:19"
2005,7,30,7,55,14,523,"2005-07-30 07:55:14"
2005,7,30,22,53,52,524,"2005-07-30 22:53:52"
2005,8,1,3,33,19,525,"2005-08-01 03:33:19"
2005,8,1,14,59,50,526,"2005-08-01 14:59:50"
2005,8,2,3,30,24,527,"2005-08-02 03:30:24"
2005,8,17,12,27,55,528,"2005-08-17 12:27:55"
2005,8,18,1,28,15,529,"2005-08-18 01:28:15"
2005,8,19,8,48,37,530,"2005-08-19 08:48:37"
2005,8,19,12,26,32,531,"2005-08-19 12:26:32"
2005,8,19,19,25,42,532,"2005-08-19 19:25:42"
2005,8,21,18,3,20,533,"2005-08-21 18:03:20"
2005,8,22,10,19,58,534,"2005-08-22 10:19:58"
2005,8,22,14,37,22,535,"2005-08-22 14:37:22"
2005,8,22,17,53,6,536,"2005-08-22 17:53:06"
2005,8,23,1,10,42,537,"2005-08-23 01:10:42"
2005,5,26,15,42,20,538,"2005-05-26 15:42:20"
2005,5,27,20,11,47,539,"2005-05-27 20:11:47"
2005,5,28,10,15,4,540,"2005-05-28 10:15:04"
2005,6,18,4,8,50,541,"2005-06-18 04:08:50"
2005,6,18,6,13,41,542,"2005-06-18 06:13:41"
2005,6,18,15,37,55,543,"2005-06-18 15:37:55"
2005,6,19,21,14,33,544,"2005-06-19 21:14:33"
2005,6,21,1,4,35,545,"2005-06-21 01:04:35"
2005,7,9,6,42,32,546,"2005-07-09 06:42:32"
2005,7,10,13,27,40,547,"2005-07-10 13:27:40"
2005,7,10,23,43,23,548,"2005-07-10 23:43:23"
2005,7,26,23,28,13,549,"2005-07-26 23:28:13"
2005,7,28,14,56,54,550,"2005-07-28 14:56:54"
2005,7,28,22,56,11,551,"2005-07-28 22:56:11"
2005,7,29,23,49,23,552,"2005-07-29 23:49:23"
2005,7,30,10,45,12,553,"2005-07-30 10:45:12"
2005,7,31,7,29,25,554,"2005-07-31 07:29:25"
2005,8,1,13,23,6,555,"2005-08-01 13:23:06"
2005,8,1,19,28,47,556,"2005-08-01 19:28:47"
2005,8,2,7,10,57,557,"2005-08-02 07:10:57"
2005,8,17,17,53,9,558,"2005-08-17 17:53:09"
2005,8,17,23,34,16,559,"2005-08-17 23:34:16"
2005,8,18,19,7,23,560,"2005-08-18 19:07:23"
2005,8,18,23,34,22,561,"2005-08-18 23:34:22"
2005,8,19,21,37,57,562,"2005-08-19 21:37:57"
2005,8,19,22,9,28,563,"2005-08-19 22:09:28"
2005,8,19,22,43,38,564,"2005-08-19 22:43:38"
2005,8,20,0,50,54,565,"2005-08-20 00:50:54"
2005,8,20,9,26,14,566,"2005-08-20 09:26:14"
2005,8,20,10,48,43,567,"2005-08-20 10:48:43"
2005,8,20,23,24,7,568,"2005-08-20 23:24:07"
2005,8,21,2,51,59,569,"2005-08-21 02:51:59"
2005,8,21,12,10,41,570,"2005-08-21 12:10:41"
2005,8,22,3,20,26,571,"2005-08-22 03:20:26"
2005,5,27,7,49,43,572,"2005-05-27 07:49:43"
2005,5,28,8,31,36,573,"2005-05-28 08:31:36"
2005,5,29,21,7,22,574,"2005-05-29 21:07:22"
2005,6,21,17,18,1,575,"2005-06-21 17:18:01"
2005,7,7,12,0,52,576,"2005-07-07 12:00:52"
2005,7,9,15,23,42,577,"2005-07-09 15:23:42"
2005,7,10,15,48,19,578,"2005-07-10 15:48:19"
2005,7,27,4,42,8,579,"2005-07-27 04:42:08"
2005,7,28,4,2,58,580,"2005-07-28 04:02:58"
2005,7,30,20,38,5,581,"2005-07-30 20:38:05"
2005,7,31,3,1,11,582,"2005-07-31 03:01:11"
2005,8,17,19,54,54,583,"2005-08-17 19:54:54"
2005,8,17,23,22,46,584,"2005-08-17 23:22:46"
2005,8,19,0,42,24,585,"2005-08-19 00:42:24"
2005,8,19,9,43,25,586,"2005-08-19 09:43:25"
2005,8,20,22,18,53,587,"2005-08-20 22:18:53"
2005,8,21,16,24,43,588,"2005-08-21 16:24:43"
2005,8,22,13,18,25,589,"2005-08-22 13:18:25"
2005,8,23,6,3,31,590,"2005-08-23 06:03:31"
2005,8,23,8,48,43,591,"2005-08-23 08:48:43"
2005,8,23,14,6,19,592,"2005-08-23 14:06:19"
2005,5,25,21,20,3,593,"2005-05-25 21:20:03"
2005,5,28,20,15,30,594,"2005-05-28 20:15:30"
2005,5,31,12,3,44,595,"2005-05-31 12:03:44"
2005,6,19,16,44,35,596,"2005-06-19 16:44:35"
2005,6,19,20,50,1,597,"2005-06-19 20:50:01"
2005,6,20,10,48,56,598,"2005-06-20 10:48:56"
2005,6,20,13,19,58,599,"2005-06-20 13:19:58"
2005,6,21,21,49,18,600,"2005-06-21 21:49:18"
2005,7,6,11,43,44,601,"2005-07-06 11:43:44"
2005,7,6,13,53,41,602,"2005-07-06 13:53:41"
2005,7,8,18,43,18,603,"2005-07-08 18:43:18"
2005,7,11,12,43,7,604,"2005-07-11 12:43:07"
2005,7,11,14,20,18,605,"2005-07-11 14:20:18"
2005,7,12,22,30,15,606,"2005-07-12 22:30:15"
2005,7,27,7,18,46,607,"2005-07-27 07:18:46"
2005,7,28,15,33,3,608,"2005-07-28 15:33:03"
2005,7,29,17,41,14,609,"2005-07-29 17:41:14"
2005,7,30,12,55,36,610,"2005-07-30 12:55:36"
2005,7,30,14,26,46,611,"2005-07-30 14:26:46"
2005,7,31,8,25,3,612,"2005-07-31 08:25:03"
2005,7,31,21,50,24,613,"2005-07-31 21:50:24"
2005,8,2,1,29,57,614,"2005-08-02 01:29:57"
2005,8,16,23,4,53,615,"2005-08-16 23:04:53"
2005,8,19,18,31,50,616,"2005-08-19 18:31:50"
2005,8,19,20,0,25,617,"2005-08-19 20:00:25"
2005,8,19,23,25,37,618,"2005-08-19 23:25:37"
2005,8,20,2,21,40,619,"2005-08-20 02:21:40"
2005,8,20,4,12,41,620,"2005-08-20 04:12:41"
2005,8,21,13,42,45,621,"2005-08-21 13:42:45"
2005,5,31,1,2,28,622,"2005-05-31 01:02:28"
2005,5,31,10,22,54,623,"2005-05-31 10:22:54"
2005,6,16,14,39,31,624,"2005-06-16 14:39:31"
2005,6,17,16,27,51,625,"2005-06-17 16:27:51"
2005,6,17,20,16,12,626,"2005-06-17 20:16:12"
2005,6,18,19,28,2,627,"2005-06-18 19:28:02"
2005,6,20,7,33,9,628,"2005-06-20 07:33:09"
2005,7,6,7,32,42,629,"2005-07-06 07:32:42"
2005,7,7,20,29,8,630,"2005-07-07 20:29:08"
2005,7,9,16,0,34,631,"2005-07-09 16:00:34"
2005,7,10,7,9,21,632,"2005-07-10 07:09:21"
2005,7,12,19,46,29,633,"2005-07-12 19:46:29"
2005,7,27,11,22,17,634,"2005-07-27 11:22:17"
2005,7,30,3,15,37,635,"2005-07-30 03:15:37"
2005,7,31,8,31,18,636,"2005-07-31 08:31:18"
2005,7,31,15,8,47,637,"2005-07-31 15:08:47"
2005,8,1,10,38,27,638,"2005-08-01 10:38:27"
2005,8,2,12,9,45,639,"2005-08-02 12:09:45"
2005,8,17,0,57,36,640,"2005-08-17 00:57:36"
2005,8,18,0,53,37,641,"2005-08-18 00:53:37"
2005,8,18,22,22,45,642,"2005-08-18 22:22:45"
2005,8,19,7,34,53,643,"2005-08-19 07:34:53"
2005,8,19,9,40,53,644,"2005-08-19 09:40:53"
2005,8,19,16,45,59,645,"2005-08-19 16:45:59"
2005,8,22,21,28,59,646,"2005-08-22 21:28:59"
2005,5,25,14,31,25,647,"2005-05-25 14:31:25"
2005,5,31,4,50,7,648,"2005-05-31 04:50:07"
2005,6,15,12,17,34,649,"2005-06-15 12:17:34"
2005,6,15,14,9,55,650,"2005-06-15 14:09:55"
2005,6,16,17,13,23,651,"2005-06-16 17:13:23"
2005,6,19,8,23,11,652,"2005-06-19 08:23:11"
2005,6,20,2,41,28,653,"2005-06-20 02:41:28"
2005,6,21,20,53,31,654,"2005-06-21 20:53:31"
2005,7,7,15,26,31,655,"2005-07-07 15:26:31"
2005,7,7,17,50,27,656,"2005-07-07 17:50:27"
2005,7,7,21,31,53,657,"2005-07-07 21:31:53"
2005,7,10,19,19,43,658,"2005-07-10 19:19:43"
2005,7,12,11,6,17,659,"2005-07-12 11:06:17"
2005,7,12,22,2,18,660,"2005-07-12 22:02:18"
2005,7,29,15,40,57,661,"2005-07-29 15:40:57"
2005,7,30,0,15,57,662,"2005-07-30 00:15:57"
2005,7,30,10,12,1,663,"2005-07-30 10:12:01"
2005,7,30,17,56,38,664,"2005-07-30 17:56:38"
2005,7,31,14,59,37,665,"2005-07-31 14:59:37"
2005,7,31,20,49,13,666,"2005-07-31 20:49:13"
2005,8,1,4,49,6,667,"2005-08-01 04:49:06"
2005,8,2,0,12,32,668,"2005-08-02 00:12:32"
2005,8,2,2,5,59,669,"2005-08-02 02:05:59"
2005,8,17,4,48,5,670,"2005-08-17 04:48:05"
2005,8,19,4,48,48,671,"2005-08-19 04:48:48"
2005,8,21,3,38,27,672,"2005-08-21 03:38:27"
2005,8,21,5,13,16,673,"2005-08-21 05:13:16"
2005,8,23,2,57,30,674,"2005-08-23 02:57:30"
2005,8,23,20,0,30,675,"2005-08-23 20:00:30"
2005,5,29,16,59,44,676,"2005-05-29 16:59:44"
2005,5,31,14,33,56,677,"2005-05-31 14:33:56"
2005,6,15,18,53,14,678,"2005-06-15 18:53:14"
2005,6,16,14,1,2,679,"2005-06-16 14:01:02"
2005,6,17,18,14,8,680,"2005-06-17 18:14:08"
2005,6,18,17,7,34,681,"2005-06-18 17:07:34"
2005,6,18,17,25,5,682,"2005-06-18 17:25:05"
2005,6,19,1,27,46,683,"2005-06-19 01:27:46"
2005,6,19,16,21,19,684,"2005-06-19 16:21:19"
2005,7,7,4,32,28,685,"2005-07-07 04:32:28"
2005,7,7,14,42,4,686,"2005-07-07 14:42:04"
2005,7,7,20,41,3,687,"2005-07-07 20:41:03"
2005,7,7,21,28,46,688,"2005-07-07 21:28:46"
2005,7,7,22,39,2,689,"2005-07-07 22:39:02"
2005,7,8,3,43,22,690,"2005-07-08 03:43:22"
2005,7,8,9,9,46,691,"2005-07-08 09:09:46"
2005,7,9,21,32,29,692,"2005-07-09 21:32:29"
2005,7,11,9,19,31,693,"2005-07-11 09:19:31"
2005,7,11,14,53,25,694,"2005-07-11 14:53:25"
2005,7,27,13,55,18,695,"2005-07-27 13:55:18"
2005,7,29,0,33,36,696,"2005-07-29 00:33:36"
2005,7,30,23,31,40,697,"2005-07-30 23:31:40"
2005,8,1,6,42,20,698,"2005-08-01 06:42:20"
2005,8,2,4,48,11,699,"2005-08-02 04:48:11"
2005,8,2,16,4,8,700,"2005-08-02 16:04:08"
2005,8,2,17,0,12,701,"2005-08-02 17:00:12"
2005,8,17,8,54,30,702,"2005-08-17 08:54:30"
2005,8,19,11,25,10,703,"2005-08-19 11:25:10"
2005,8,21,3,24,29,704,"2005-08-21 03:24:29"
2005,8,21,3,37,42,705,"2005-08-21 03:37:42"
2005,8,21,17,51,6,706,"2005-08-21 17:51:06"
2005,8,21,20,12,30,707,"2005-08-21 20:12:30"
2005,8,22,22,34,44,708,"2005-08-22 22:34:44"
2005,8,23,11,16,29,709,"2005-08-23 11:16:29"
2005,5,29,16,3,3,710,"2005-05-29 16:03:03"
2005,6,15,10,11,42,711,"2005-06-15 10:11:42"
2005,6,15,21,17,17,712,"2005-06-15 21:17:17"
2005,6,16,13,5,9,713,"2005-06-16 13:05:09"
2005,6,17,8,59,57,714,"2005-06-17 08:59:57"
2005,6,18,23,48,47,715,"2005-06-18 23:48:47"
2005,6,19,20,3,29,716,"2005-06-19 20:03:29"
2005,6,20,12,28,59,717,"2005-06-20 12:28:59"
2005,6,21,17,22,36,718,"2005-06-21 17:22:36"
2005,7,7,2,52,53,719,"2005-07-07 02:52:53"
2005,7,8,2,34,51,720,"2005-07-08 02:34:51"
2005,7,10,3,1,19,721,"2005-07-10 03:01:19"
2005,7,10,11,45,48,722,"2005-07-10 11:45:48"
2005,7,11,7,36,50,723,"2005-07-11 07:36:50"
2005,7,12,5,26,26,724,"2005-07-12 05:26:26"
2005,7,12,11,13,21,725,"2005-07-12 11:13:21"
2005,7,28,12,13,42,726,"2005-07-28 12:13:42"
2005,7,30,14,6,53,727,"2005-07-30 14:06:53"
2005,7,31,5,12,59,728,"2005-07-31 05:12:59"
2005,7,31,6,34,55,729,"2005-07-31 06:34:55"
2005,7,31,14,39,52,730,"2005-07-31 14:39:52"
2005,8,1,21,51,15,731,"2005-08-01 21:51:15"
2005,8,2,0,0,33,732,"2005-08-02 00:00:33"
2005,8,2,13,12,17,733,"2005-08-02 13:12:17"
2005,8,17,5,25,57,734,"2005-08-17 05:25:57"
2005,8,17,8,48,31,735,"2005-08-17 08:48:31"
2005,8,17,19,52,43,736,"2005-08-17 19:52:43"
2005,8,18,11,28,14,737,"2005-08-18 11:28:14"
2005,8,18,13,57,50,738,"2005-08-18 13:57:50"
2005,8,20,13,13,56,739,"2005-08-20 13:13:56"
2005,8,22,10,0,4,740,"2005-08-22 10:00:04"
2005,5,27,10,37,27,741,"2005-05-27 10:37:27"
2005,5,30,4,19,55,742,"2005-05-30 04:19:55"
2005,6,15,4,58,7,743,"2005-06-15 04:58:07"
2005,6,16,1,24,8,744,"2005-06-16 01:24:08"
2005,6,18,8,18,52,745,"2005-06-18 08:18:52"
2005,6,19,6,30,10,746,"2005-06-19 06:30:10"
2005,6,21,2,25,0,747,"2005-06-21 02:25:00"
2005,7,6,16,38,14,748,"2005-07-06 16:38:14"
2005,7,8,11,45,35,749,"2005-07-08 11:45:35"
2005,7,8,22,58,21,750,"2005-07-08 22:58:21"
2005,7,10,7,21,27,751,"2005-07-10 07:21:27"
2005,7,10,15,49,12,752,"2005-07-10 15:49:12"
2005,7,11,2,49,1,753,"2005-07-11 02:49:01"
2005,7,12,1,37,48,754,"2005-07-12 01:37:48"
2005,7,27,23,7,40,755,"2005-07-27 23:07:40"
2005,7,29,8,18,20,756,"2005-07-29 08:18:20"
2005,7,30,1,7,12,757,"2005-07-30 01:07:12"
2005,7,31,1,44,51,758,"2005-07-31 01:44:51"
2005,7,31,3,22,30,759,"2005-07-31 03:22:30"
2005,7,31,7,40,33,760,"2005-07-31 07:40:33"
2005,7,31,21,14,2,761,"2005-07-31 21:14:02"
2005,8,1,3,48,12,762,"2005-08-01 03:48:12"
2005,8,2,20,32,55,763,"2005-08-02 20:32:55"
2005,8,17,13,44,49,764,"2005-08-17 13:44:49"
2005,8,18,1,54,44,765,"2005-08-18 01:54:44"
2005,8,18,7,44,5,766,"2005-08-18 07:44:05"
2005,8,18,20,59,17,767,"2005-08-18 20:59:17"
2005,8,20,12,11,3,768,"2005-08-20 12:11:03"
2005,8,21,15,34,23,769,"2005-08-21 15:34:23"
2005,8,23,0,48,29,770,"2005-08-23 00:48:29"
2005,8,23,2,8,40,771,"2005-08-23 02:08:40"
2005,5,26,6,52,33,772,"2005-05-26 06:52:33"
2005,6,19,10,38,42,773,"2005-06-19 10:38:42"
2005,6,19,11,42,20,774,"2005-06-19 11:42:20"
2005,6,19,13,33,6,775,"2005-06-19 13:33:06"
2005,6,19,15,42,7,776,"2005-06-19 15:42:07"
2005,6,19,19,18,9,777,"2005-06-19 19:18:09"
2005,6,20,4,16,7,778,"2005-06-20 04:16:07"
2005,6,21,8,49,16,779,"2005-06-21 08:49:16"
2005,7,7,14,24,30,780,"2005-07-07 14:24:30"
2005,7,7,17,36,56,781,"2005-07-07 17:36:56"
2005,7,8,3,40,46,782,"2005-07-08 03:40:46"
2005,7,9,21,55,19,783,"2005-07-09 21:55:19"
2005,7,10,17,59,29,784,"2005-07-10 17:59:29"
2005,7,27,10,12,36,785,"2005-07-27 10:12:36"
2005,7,27,18,18,41,786,"2005-07-27 18:18:41"
2005,7,27,18,27,13,787,"2005-07-27 18:27:13"
2005,7,29,15,50,14,788,"2005-07-29 15:50:14"
2005,7,30,19,50,13,789,"2005-07-30 19:50:13"
2005,7,31,15,48,54,790,"2005-07-31 15:48:54"
2005,8,1,12,36,9,791,"2005-08-01 12:36:09"
2005,8,2,1,30,21,792,"2005-08-02 01:30:21"
2005,8,2,7,29,10,793,"2005-08-02 07:29:10"
2005,8,17,17,34,38,794,"2005-08-17 17:34:38"
2005,8,18,12,48,22,795,"2005-08-18 12:48:22"
2005,8,18,13,20,13,796,"2005-08-18 13:20:13"
2005,8,18,15,20,46,797,"2005-08-18 15:20:46"
2005,8,18,17,16,7,798,"2005-08-18 17:16:07"
2005,8,19,13,50,36,799,"2005-08-19 13:50:36"
2005,8,19,23,36,25,800,"2005-08-19 23:36:25"
2005,8,20,12,3,35,801,"2005-08-20 12:03:35"
2005,8,20,14,0,25,802,"2005-08-20 14:00:25"
2005,8,21,3,1,45,803,"2005-08-21 03:01:45"
2005,8,21,21,1,19,804,"2005-08-21 21:01:19"
2005,8,22,7,35,56,805,"2005-08-22 07:35:56"
2005,8,22,7,53,0,806,"2005-08-22 07:53:00"
2005,6,17,2,39,20,807,"2005-06-17 02:39:20"
2005,6,17,4,25,12,808,"2005-06-17 04:25:12"
2005,6,17,22,59,42,809,"2005-06-17 22:59:42"
2005,6,19,15,10,9,810,"2005-06-19 15:10:09"
2005,7,6,22,23,2,811,"2005-07-06 22:23:02"
2005,7,8,0,21,29,812,"2005-07-08 00:21:29"
2005,7,8,9,13,28,813,"2005-07-08 09:13:28"
2005,7,9,2,34,45,814,"2005-07-09 02:34:45"
2005,7,9,6,44,30,815,"2005-07-09 06:44:30"
2005,7,9,15,14,8,816,"2005-07-09 15:14:08"
2005,7,11,0,8,54,817,"2005-07-11 00:08:54"
2005,7,11,15,2,2,818,"2005-07-11 15:02:02"
2005,7,11,21,6,17,819,"2005-07-11 21:06:17"
2005,7,27,16,3,8,820,"2005-07-27 16:03:08"
2005,7,28,6,45,23,821,"2005-07-28 06:45:23"
2005,7,28,16,12,53,822,"2005-07-28 16:12:53"
2005,7,28,16,32,55,823,"2005-07-28 16:32:55"
2005,7,28,18,9,48,824,"2005-07-28 18:09:48"
2005,7,29,14,37,30,825,"2005-07-29 14:37:30"
2005,7,30,16,55,53,826,"2005-07-30 16:55:53"
2005,7,31,2,4,58,827,"2005-07-31 02:04:58"
2005,7,31,5,33,48,828,"2005-07-31 05:33:48"
2005,7,31,17,40,35,829,"2005-07-31 17:40:35"
2005,8,1,1,57,48,830,"2005-08-01 01:57:48"
2005,8,18,3,27,11,831,"2005-08-18 03:27:11"
2005,8,18,14,29,37,832,"2005-08-18 14:29:37"
2005,8,18,22,58,34,833,"2005-08-18 22:58:34"
2005,8,19,23,35,44,834,"2005-08-19 23:35:44"
2005,8,20,8,50,39,835,"2005-08-20 08:50:39"
2005,8,21,8,37,15,836,"2005-08-21 08:37:15"
2005,8,21,17,18,33,837,"2005-08-21 17:18:33"
2005,8,22,10,39,51,838,"2005-08-22 10:39:51"
2005,8,23,4,17,56,839,"2005-08-23 04:17:56"
2005,8,23,15,17,14,840,"2005-08-23 15:17:14"
2005,6,16,10,5,40,841,"2005-06-16 10:05:40"
2005,6,16,23,20,16,842,"2005-06-16 23:20:16"
2005,6,18,3,57,36,843,"2005-06-18 03:57:36"
2005,6,18,11,35,30,844,"2005-06-18 11:35:30"
2005,6,18,15,49,48,845,"2005-06-18 15:49:48"
2005,6,18,18,34,21,846,"2005-06-18 18:34:21"
2005,6,19,1,20,0,847,"2005-06-19 01:20:00"
2005,6,19,10,6,20,848,"2005-06-19 10:06:20"
2005,6,20,18,5,15,849,"2005-06-20 18:05:15"
2005,6,20,22,19,25,850,"2005-06-20 22:19:25"
2005,6,21,0,38,47,851,"2005-06-21 00:38:47"
2005,7,6,10,12,45,852,"2005-07-06 10:12:45"
2005,7,6,22,45,10,853,"2005-07-06 22:45:10"
2005,7,7,7,15,35,854,"2005-07-07 07:15:35"
2005,7,8,13,24,58,855,"2005-07-08 13:24:58"
2005,7,11,12,34,56,856,"2005-07-11 12:34:56"
2005,7,12,6,26,10,857,"2005-07-12 06:26:10"
2005,7,27,1,23,24,858,"2005-07-27 01:23:24"
2005,7,27,6,47,13,859,"2005-07-27 06:47:13"
2005,7,27,8,9,25,860,"2005-07-27 08:09:25"
2005,7,27,18,49,42,861,"2005-07-27 18:49:42"
2005,7,30,4,53,56,862,"2005-07-30 04:53:56"
2005,8,17,22,17,9,863,"2005-08-17 22:17:09"
2005,8,18,8,26,5,864,"2005-08-18 08:26:05"
2005,8,23,9,37,34,865,"2005-08-23 09:37:34"
2005,8,23,14,58,6,866,"2005-08-23 14:58:06"
2005,5,27,23,0,25,867,"2005-05-27 23:00:25"
2005,5,29,17,52,30,868,"2005-05-29 17:52:30"
2005,5,31,9,12,13,869,"2005-05-31 09:12:13"
2005,6,17,3,53,18,870,"2005-06-17 03:53:18"
2005,6,17,23,39,11,871,"2005-06-17 23:39:11"
2005,6,19,8,22,9,872,"2005-06-19 08:22:09"
2005,6,20,2,2,5,873,"2005-06-20 02:02:05"
2005,7,6,0,11,13,874,"2005-07-06 00:11:13"
2005,7,7,22,48,34,875,"2005-07-07 22:48:34"
2005,7,8,15,33,32,876,"2005-07-08 15:33:32"
2005,7,8,20,37,11,877,"2005-07-08 20:37:11"
2005,7,9,15,57,15,878,"2005-07-09 15:57:15"
2005,7,10,13,13,18,879,"2005-07-10 13:13:18"
2005,7,10,23,22,1,880,"2005-07-10 23:22:01"
2005,7,11,7,58,7,881,"2005-07-11 07:58:07"
2005,7,12,0,49,5,882,"2005-07-12 00:49:05"
2005,7,27,4,34,7,883,"2005-07-27 04:34:07"
2005,7,27,23,23,36,884,"2005-07-27 23:23:36"
2005,7,28,7,26,14,885,"2005-07-28 07:26:14"
2005,7,29,5,52,26,886,"2005-07-29 05:52:26"
2005,7,29,7,46,29,887,"2005-07-29 07:46:29"
2005,7,30,1,42,3,888,"2005-07-30 01:42:03"
2005,8,2,9,22,25,889,"2005-08-02 09:22:25"
2005,8,17,12,54,47,890,"2005-08-17 12:54:47"
2005,8,18,9,50,40,891,"2005-08-18 09:50:40"
2005,8,20,10,31,23,892,"2005-08-20 10:31:23"
2005,8,20,17,16,10,893,"2005-08-20 17:16:10"
2005,8,20,23,18,54,894,"2005-08-20 23:18:54"
2005,8,21,16,32,32,895,"2005-08-21 16:32:32"
2005,5,26,2,28,36,896,"2005-05-26 02:28:36"
2005,6,15,9,46,33,897,"2005-06-15 09:46:33"
2005,6,20,22,21,10,898,"2005-06-20 22:21:10"
2005,7,7,6,1,48,899,"2005-07-07 06:01:48"
2005,7,9,20,49,12,900,"2005-07-09 20:49:12"
2005,7,10,11,14,48,901,"2005-07-10 11:14:48"
2005,7,11,16,36,17,902,"2005-07-11 16:36:17"
2005,7,28,14,53,6,903,"2005-07-28 14:53:06"
2005,7,30,6,31,45,904,"2005-07-30 06:31:45"
2005,7,30,8,17,24,905,"2005-07-30 08:17:24"
2005,7,30,14,26,11,906,"2005-07-30 14:26:11"
2005,8,1,4,59,30,907,"2005-08-01 04:59:30"
2005,8,2,0,27,12,908,"2005-08-02 00:27:12"
2005,8,19,16,25,0,909,"2005-08-19 16:25:00"
2005,8,20,14,50,57,910,"2005-08-20 14:50:57"
2005,8,20,18,11,44,911,"2005-08-20 18:11:44"
2005,8,20,20,12,19,912,"2005-08-20 20:12:19"
2005,8,21,18,29,13,913,"2005-08-21 18:29:13"
2005,8,22,11,43,4,914,"2005-08-22 11:43:04"
2005,8,22,12,28,1,915,"2005-08-22 12:28:01"
2005,6,17,4,29,58,916,"2005-06-17 04:29:58"
2005,6,18,5,29,52,917,"2005-06-18 05:29:52"
2005,6,20,20,35,28,918,"2005-06-20 20:35:28"
2005,7,6,0,24,25,919,"2005-07-06 00:24:25"
2005,7,6,20,9,11,920,"2005-07-06 20:09:11"
2005,7,9,10,22,31,921,"2005-07-09 10:22:31"
2005,7,10,6,49,0,922,"2005-07-10 06:49:00"
2005,7,10,21,32,6,923,"2005-07-10 21:32:06"
2005,7,27,2,15,1,924,"2005-07-27 02:15:01"
2005,7,27,6,9,30,925,"2005-07-27 06:09:30"
2005,7,27,21,20,52,926,"2005-07-27 21:20:52"
2005,7,30,11,17,33,927,"2005-07-30 11:17:33"
2005,8,1,11,52,32,928,"2005-08-01 11:52:32"
2005,8,1,14,58,14,929,"2005-08-01 14:58:14"
2005,8,2,8,5,19,930,"2005-08-02 08:05:19"
2005,8,16,23,18,47,931,"2005-08-16 23:18:47"
2005,8,17,7,15,47,932,"2005-08-17 07:15:47"
2005,8,18,4,57,59,933,"2005-08-18 04:57:59"
2005,8,18,16,42,45,934,"2005-08-18 16:42:45"
2005,8,18,18,36,16,935,"2005-08-18 18:36:16"
2005,8,19,21,21,47,936,"2005-08-19 21:21:47"
2005,8,20,17,55,13,937,"2005-08-20 17:55:13"
2005,8,21,20,32,8,938,"2005-08-21 20:32:08"
2005,8,21,20,54,32,939,"2005-08-21 20:54:32"
2005,5,25,6,5,20,940,"2005-05-25 06:05:20"
2005,5,27,15,34,1,941,"2005-05-27 15:34:01"
2005,6,16,4,9,8,942,"2005-06-16 04:09:08"
2005,6,17,10,47,24,943,"2005-06-17 10:47:24"
2005,6,18,3,50,18,944,"2005-06-18 03:50:18"
2005,6,18,3,52,14,945,"2005-06-18 03:52:14"
2005,6,19,16,15,56,946,"2005-06-19 16:15:56"
2005,6,20,17,53,30,947,"2005-06-20 17:53:30"
2005,7,6,5,3,59,948,"2005-07-06 05:03:59"
2005,7,7,6,14,51,949,"2005-07-07 06:14:51"
2005,7,9,0,48,49,950,"2005-07-09 00:48:49"
2005,7,9,1,46,45,951,"2005-07-09 01:46:45"
2005,7,9,16,34,7,952,"2005-07-09 16:34:07"
2005,7,10,21,26,31,953,"2005-07-10 21:26:31"
2005,7,10,23,47,8,954,"2005-07-10 23:47:08"
2005,7,11,9,13,8,955,"2005-07-11 09:13:08"
2005,7,11,22,44,34,956,"2005-07-11 22:44:34"
2005,7,12,5,39,50,957,"2005-07-12 05:39:50"
2005,7,12,5,56,38,958,"2005-07-12 05:56:38"
2005,7,27,6,54,12,959,"2005-07-27 06:54:12"
2005,7,29,22,20,21,960,"2005-07-29 22:20:21"
2005,7,30,4,3,58,961,"2005-07-30 04:03:58"
2005,7,30,6,7,42,962,"2005-07-30 06:07:42"
2005,7,31,2,59,20,963,"2005-07-31 02:59:20"
2005,8,2,15,32,32,964,"2005-08-02 15:32:32"
2005,8,2,20,59,52,965,"2005-08-02 20:59:52"
2005,8,17,4,50,56,966,"2005-08-17 04:50:56"
2005,8,17,21,2,19,967,"2005-08-17 21:02:19"
2005,8,20,10,31,1,968,"2005-08-20 10:31:01"
2005,8,21,0,53,9,969,"2005-08-21 00:53:09"
2005,8,21,1,31,51,970,"2005-08-21 01:31:51"
2005,8,21,22,25,9,971,"2005-08-21 22:25:09"
2005,5,27,4,53,11,972,"2005-05-27 04:53:11"
2005,5,29,4,35,29,973,"2005-05-29 04:35:29"
2005,6,19,16,5,41,974,"2005-06-19 16:05:41"
2005,7,7,8,15,3,975,"2005-07-07 08:15:03"
2005,7,8,4,58,48,976,"2005-07-08 04:58:48"
2005,7,8,14,54,42,977,"2005-07-08 14:54:42"
2005,7,9,20,7,9,978,"2005-07-09 20:07:09"
2005,7,11,2,37,51,979,"2005-07-11 02:37:51"
2005,7,27,9,6,13,980,"2005-07-27 09:06:13"
2005,7,28,1,35,17,981,"2005-07-28 01:35:17"
2005,7,28,11,59,45,982,"2005-07-28 11:59:45"
2005,7,28,18,35,12,983,"2005-07-28 18:35:12"
2005,7,29,5,52,50,984,"2005-07-29 05:52:50"
2005,7,30,3,20,38,985,"2005-07-30 03:20:38"
2005,7,30,18,52,19,986,"2005-07-30 18:52:19"
2005,7,31,11,11,10,987,"2005-07-31 11:11:10"
2005,8,1,11,53,17,988,"2005-08-01 11:53:17"
2005,8,1,20,25,35,989,"2005-08-01 20:25:35"
2005,8,2,3,48,17,990,"2005-08-02 03:48:17"
2005,8,2,3,56,23,991,"2005-08-02 03:56:23"
2005,8,17,4,0,1,992,"2005-08-17 04:00:01"
2005,8,17,12,6,54,993,"2005-08-17 12:06:54"
2005,8,20,4,31,45,994,"2005-08-20 04:31:45"
2005,8,20,4,34,46,995,"2005-08-20 04:34:46"
2005,8,20,8,30,54,996,"2005-08-20 08:30:54"
2005,8,21,19,15,33,997,"2005-08-21 19:15:33"
2005,8,23,8,42,40,998,"2005-08-23 08:42:40"
2005,5,25,3,21,20,999,"2005-05-25 03:21:20"
2005,5,30,11,58,50,1000,"2005-05-30 11:58:50"
