payment_id,customer_key,date_key,staff_id,store_key,amount
1,1,1,1,1,2.99
2,1,2,1,1,0.99
3,1,3,1,1,5.99
4,1,4,2,2,0.99
5,1,5,2,2,9.99
6,1,6,1,1,4.99
7,1,7,1,1,4.99
8,1,8,2,2,0.99
9,1,9,1,1,3.99
10,1,10,2,2,5.99
11,1,11,1,1,5.99
12,1,12,1,1,4.99
13,1,13,1,1,4.99
14,1,14,1,1,7.99
15,1,15,2,2,2.99
16,1,16,1,1,4.99
17,1,17,2,2,4.99
18,1,18,1,1,0.99
19,1,19,2,2,0.99
20,1,20,2,2,2.99
21,1,21,2,2,2.99
22,1,22,2,2,4.99
23,1,23,2,2,3.99
24,1,24,1,1,0.99
25,1,25,2,2,4.99
26,1,26,1,1,0.99
27,1,27,2,2,0.99
28,1,28,2,2,2.99
29,1,29,1,1,0.99
30,1,30,1,1,1.99
31,1,31,2,2,2.99
32,1,32,1,1,5.99
33,2,33,1,1,4.99
34,2,34,1,1,2.99
35,2,35,1,1,2.99
36,2,36,1,1,6.99
37,2,37,2,2,4.99
38,2,38,1,1,5.99
39,2,39,2,2,5.99
40,2,40,2,2,5.99
41,2,41,1,1,2.99
42,2,42,2,2,5.99
43,2,43,1,1,4.99
44,2,44,2,2,10.99
45,2,45,2,2,0.99
46,2,46,2,2,6.99
47,2,47,2,2,6.99
48,2,48,1,1,2.99
49,2,49,1,1,0.99
50,2,50,1,1,0.99
51,2,51,1,1,5.99
52,2,52,1,1,6.99
53,2,53,2,2,2.99
54,2,54,1,1,2.99
55,2,55,1,1,2.99
56,2,56,1,1,4.99
57,2,57,2,2,5.99
58,2,58,2,2,4.99
59,2,59,2,2,4.99
60,3,60,1,1,1.99
61,3,61,1,1,2.99
62,3,62,1,1,8.99
63,3,63,1,1,6.99
64,3,64,2,2,6.99
65,3,65,1,1,2.99
66,3,66,1,1,4.99
67,3,67,1,1,4.99
68,3,68,1,1,5.99
69,3,69,2,2,10.99
70,3,70,2,2,7.99
71,3,71,2,2,6.99
72,3,72,1,1,4.99
73,3,73,2,2,4.99
74,3,74,1,1,2.99
75,3,75,1,1,1.99
76,3,76,2,2,3.99
77,3,77,1,1,2.99
78,3,78,2,2,4.99
79,3,79,2,2,5.99
80,3,80,2,2,4.99
81,3,81,1,1,8.99
82,3,82,2,2,2.99
83,3,83,2,2,8.99
84,3,84,2,2,0.99
85,3,85,1,1,2.99
86,4,86,1,1,4.99
87,4,87,1,1,0.99
88,4,88,2,2,2.99
89,4,89,2,2,0.99
90,4,90,2,2,0.99
91,4,91,1,1,5.99
92,4,92,1,1,2.99
93,4,93,2,2,2.99
94,4,94,1,1,3.99
95,4,95,1,1,5.99
96,4,96,1,1,5.99
97,4,97,2,2,0.99
98,4,98,1,1,2.99
99,4,99,2,2,4.99
100,4,100,1,1,2.99
101,4,101,2,2,8.99
102,4,102,2,2,1.99
103,4,103,1,1,2.99
104,4,104,1,1,6.99
105,4,105,2,2,4.99
106,4,106,1,1,2.99
107,4,107,2,2,1.99
108,5,108,1,1,0.99
109,5,109,1,1,6.99
110,5,110,1,1,1.99
111,5,111,1,1,3.99
112,5,112,2,2,2.99
113,5,113,2,2,4.99
114,5,114,2,2,2.99
115,5,115,2,2,4.99
116,5,116,2,2,4.99
117,5,117,2,2,2.99
118,5,118,1,1,4.99
119,5,119,2,2,5.99
120,5,120,2,2,1.99
121,5,121,2,2,0.99
122,5,122,1,1,8.99
123,5,123,1,1,3.99
124,5,124,2,2,4.99
125,5,125,2,2,0.99
126,5,126,2,2,0.99
127,5,127,2,2,3.99
128,5,128,1,1,2.99
129,5,129,1,1,1.99
130,5,130,1,1,4.99
131,5,131,1,1,3.99
132,5,132,2,2,4.99
133,5,133,1,1,0.99
134,5,134,2,2,4.99
135,5,135,1,1,4.99
136,5,136,2,2,3.99
137,5,137,1,1,9.99
138,5,138,1,1,2.99
139,5,139,1,1,1.99
140,5,140,2,2,0.99
141,5,141,2,2,6.99
142,5,142,1,1,6.99
143,5,143,2,2,2.99
144,5,144,2,2,0.99
145,5,145,2,2,0.99
146,6,146,2,2,4.99
147,6,147,1,1,2.99
148,6,148,2,2,0.99
149,6,149,1,1,3.99
150,6,150,2,2,2.99
151,6,151,1,1,0.99
152,6,152,1,1,0.99
153,6,153,2,2,0.99
154,6,154,2,2,2.99
155,6,155,1,1,0.99
156,6,156,2,2,5.99
157,6,157,1,1,7.99
158,6,158,2,2,0.99
159,6,159,2,2,2.99
160,6,160,2,2,2.99
161,6,161,1,1,0.99
162,6,162,1,1,2.99
163,6,163,1,1,2.99
164,6,164,1,1,3.99
165,6,165,1,1,6.99
166,6,166,1,1,0.99
167,6,167,1,1,0.99
168,6,168,2,2,2.99
169,6,169,2,2,6.99
170,6,170,1,1,7.99
171,6,171,1,1,4.99
172,6,172,1,1,5.99
173,6,173,2,2,0.99
174,7,174,2,2,5.99
175,7,175,2,2,0.99
176,7,176,2,2,2.99
177,7,177,1,1,4.99
178,7,178,1,1,5.99
179,7,179,2,2,0.99
180,7,180,1,1,2.99
181,7,181,1,1,0.99
182,7,182,1,1,4.99
183,7,183,1,1,0.99
184,7,184,2,2,5.99
185,7,185,2,2,2.99
186,7,186,2,2,5.99
187,7,187,1,1,4.99
188,7,188,1,1,8.99
189,7,189,1,1,7.99
190,7,190,1,1,1.99
191,7,191,1,1,2.99
192,7,192,2,2,3.99
193,7,193,2,2,5.99
194,7,194,2,2,7.99
195,7,195,2,2,6.99
196,7,196,1,1,5.99
197,7,197,1,1,4.99
198,7,198,2,2,4.99
199,7,199,2,2,3.99
200,7,200,2,2,7.99
201,7,201,1,1,8.99
202,7,202,1,1,2.99
203,7,203,2,2,2.99
204,7,204,1,1,2.99
205,7,205,1,1,0.99
206,7,206,1,1,5.99
207,8,207,2,2,6.99
208,8,208,2,2,2.99
209,8,209,1,1,5.99
210,8,210,2,2,4.99
211,8,211,1,1,5.99
212,8,212,1,1,0.99
213,8,213,2,2,2.99
214,8,214,2,2,3.99
215,8,215,1,1,3.99
216,8,216,1,1,2.99
217,8,217,2,2,2.99
218,8,218,1,1,4.99
219,8,219,1,1,0.99
220,8,220,1,1,1.99
221,8,221,2,2,2.99
222,8,222,2,2,0.99
223,8,223,2,2,2.99
224,8,224,1,1,9.99
225,8,225,2,2,2.99
226,8,226,1,1,2.99
227,8,227,1,1,0.99
228,8,228,1,1,7.99
229,8,229,1,1,2.99
230,8,230,1,1,4.99
231,9,231,2,2,4.99
232,9,232,2,2,0.99
233,9,233,2,2,4.99
234,9,234,2,2,7.99
235,9,235,2,2,4.99
236,9,236,1,1,2.99
237,9,237,2,2,0.99
238,9,238,1,1,1.99
239,9,239,1,1,2.99
240,9,240,2,2,4.99
241,9,241,1,1,5.99
242,9,242,2,2,0.99
243,9,243,1,1,2.99
244,9,244,1,1,4.99
245,9,245,1,1,0.99
246,9,246,1,1,4.99
247,9,247,2,2,5.99
248,9,248,1,1,0.99
249,9,249,1,1,2.99
250,9,250,1,1,2.99
251,9,251,2,2,4.99
252,9,252,2,2,7.99
253,9,145,1,1,4.99
254,10,253,2,2,4.99
255,10,254,1,1,4.99
256,10,255,1,1,4.99
257,10,256,2,2,3.99
258,10,257,1,1,0.99
259,10,258,1,1,0.99
260,10,259,2,2,3.99
261,10,260,2,2,4.99
262,10,261,1,1,1.99
263,10,262,1,1,7.99
264,10,263,2,2,2.99
265,10,264,1,1,0.99
266,10,265,1,1,2.99
267,10,266,1,1,2.99
268,10,267,2,2,6.99
269,10,268,2,2,4.99
270,10,269,1,1,4.99
271,10,270,2,2,8.99
272,10,271,2,2,2.99
273,10,272,1,1,0.99
274,10,273,2,2,2.99
275,10,274,2,2,2.99
276,10,275,2,2,4.99
277,10,276,2,2,2.99
278,10,277,1,1,5.99
279,11,278,1,1,6.99
280,11,279,1,1,6.99
281,11,280,1,1,7.99
282,11,281,1,1,0.99
283,11,282,2,2,2.99
284,11,283,1,1,4.99
285,11,284,2,2,5.99
286,11,285,2,2,6.99
287,11,286,1,1,4.99
288,11,287,1,1,4.99
289,11,288,2,2,2.99
290,11,289,2,2,1.99
291,11,290,1,1,0.99
292,11,291,1,1,9.99
293,11,292,2,2,6.99
294,11,293,1,1,4.99
295,11,294,2,2,6.99
296,11,295,2,2,0.99
297,11,296,2,2,5.99
298,11,297,2,2,0.99
299,11,298,1,1,4.99
300,11,299,1,1,0.99
301,11,300,2,2,2.99
302,11,145,1,1,0.99
303,12,301,1,1,4.99
304,12,302,1,1,4.99
305,12,303,2,2,5.99
306,12,304,2,2,5.99
307,12,305,2,2,5.99
308,12,306,2,2,4.99
309,12,307,2,2,2.99
310,12,308,1,1,0.99
311,12,309,1,1,3.99
312,12,310,1,1,0.99
313,12,311,1,1,0.99
314,12,312,2,2,0.99
315,12,313,2,2,3.99
316,12,314,1,1,2.99
317,12,315,2,2,0.99
318,12,316,2,2,0.99
319,12,317,2,2,0.99
320,12,318,2,2,4.99
321,12,319,2,2,5.99
322,12,320,1,1,5.99
323,12,321,2,2,5.99
324,12,322,2,2,10.99
325,12,323,2,2,0.99
326,12,324,1,1,4.99
327,12,325,2,2,0.99
328,12,326,2,2,2.99
329,12,327,2,2,4.99
330,12,328,1,1,0.99
331,13,329,1,1,2.99
332,13,330,1,1,4.99
333,13,331,1,1,2.99
334,13,332,1,1,8.99
335,13,333,2,2,2.99
336,13,334,1,1,8.99
337,13,335,1,1,2.99
338,13,336,1,1,0.99
339,13,337,1,1,2.99
340,13,338,1,1,2.99
341,13,339,1,1,2.99
342,13,340,2,2,11.99
343,13,341,2,2,9.99
344,13,342,2,2,0.99
345,13,343,1,1,0.99
346,13,344,1,1,7.99
347,13,345,1,1,4.99
348,13,346,1,1,4.99
349,13,347,2,2,0.99
350,13,348,2,2,5.99
351,13,349,2,2,7.99
352,13,350,2,2,4.99
353,13,351,2,2,0.99
354,13,352,1,1,0.99
355,13,353,1,1,9.99
356,13,354,2,2,7.99
357,13,355,1,1,4.99
358,14,356,1,1,0.99
359,14,357,1,1,9.99
360,14,358,1,1,5.99
361,14,359,1,1,2.99
362,14,360,2,2,0.99
363,14,361,2,2,4.99
364,14,362,1,1,2.99
365,14,363,1,1,0.99
366,14,364,1,1,0.99
367,14,365,2,2,7.99
368,14,366,1,1,4.99
369,14,367,1,1,7.99
370,14,368,1,1,6.99
371,14,369,1,1,0.99
372,14,370,1,1,3.99
373,14,371,2,2,4.99
374,14,372,2,2,4.99
375,14,373,1,1,2.99
376,14,374,1,1,2.99
377,14,375,2,2,6.99
378,14,376,1,1,4.99
379,14,377,2,2,3.99
380,14,378,1,1,2.99
381,14,379,1,1,4.99
382,14,380,2,2,6.99
383,14,381,1,1,0.99
384,14,382,1,1,0.99
385,14,145,1,1,4.99
386,15,383,1,1,2.99
387,15,384,1,1,5.99
388,15,385,2,2,0.99
389,15,386,1,1,7.99
390,15,387,1,1,5.99
391,15,388,1,1,2.99
392,15,389,2,2,2.99
393,15,390,1,1,4.99
394,15,391,1,1,0.99
395,15,392,2,2,6.99
396,15,393,2,2,4.99
397,15,394,1,1,2.99
398,15,395,1,1,2.99
399,15,396,1,1,2.99
400,15,397,2,2,2.99
401,15,398,2,2,2.99
402,15,399,1,1,7.99
403,15,400,2,2,2.99
404,15,401,2,2,2.99
405,15,402,1,1,2.99
406,15,403,2,2,8.99
407,15,404,1,1,5.99
408,15,405,2,2,5.99
409,15,406,1,1,4.99
410,15,407,2,2,3.99
411,15,408,2,2,0.99
412,15,409,2,2,4.99
413,15,410,2,2,8.99
414,15,411,1,1,0.99
415,15,412,1,1,4.99
416,15,145,1,1,3.98
417,15,145,2,2,0
418,16,413,1,1,3.99
419,16,414,1,1,2.99
420,16,415,2,2,0.99
421,16,416,1,1,2.99
422,16,417,2,2,6.99
423,16,418,1,1,7.99
425,16,419,1,1,7.99
426,16,420,2,2,0.99
427,16,421,1,1,0.99
428,16,422,2,2,2.99
429,16,423,2,2,3.99
430,16,424,2,2,4.99
431,16,425,1,1,4.99
432,16,426,2,2,0.99
433,16,427,2,2,2.99
434,16,428,2,2,5.99
435,16,429,2,2,0.99
436,16,430,2,2,5.99
437,16,431,2,2,2.99
438,16,432,2,2,2.99
439,16,433,2,2,0.99
440,16,434,2,2,2.99
441,16,435,1,1,4.99
442,16,436,1,1,7.99
443,16,437,2,2,4.99
444,16,438,1,1,4.99
445,16,439,1,1,6.99
446,16,440,1,1,8.99
447,17,441,2,2,2.99
448,17,442,1,1,2.99
449,17,443,2,2,4.99
450,17,444,2,2,5.99
451,17,445,1,1,8.99
452,17,446,2,2,5.99
453,17,447,1,1,3.99
454,17,448,1,1,3.99
455,17,449,2,2,1.99
456,17,450,2,2,8.99
457,17,451,1,1,2.99
458,17,452,2,2,8.99
459,17,453,1,1,2.99
460,17,454,2,2,8.99
461,17,455,1,1,0.99
462,17,456,2,2,4.99
463,17,457,1,1,2.99
464,17,458,1,1,2.99
465,17,459,2,2,2.99
466,17,460,1,1,2.99
467,17,461,2,2,5.99
468,18,462,1,1,2.99
469,18,463,1,1,4.99
470,18,464,1,1,4.99
471,18,465,2,2,5.99
472,18,466,2,2,4.99
473,18,467,2,2,5.99
474,18,468,1,1,8.99
475,18,469,2,2,3.99
476,18,470,2,2,3.99
477,18,471,2,2,3.99
478,18,472,2,2,2.99
479,18,473,1,1,0.99
480,18,474,2,2,2.99
481,18,475,1,1,4.99
482,18,476,1,1,4.99
483,18,477,2,2,4.99
484,18,478,1,1,4.99
485,18,479,2,2,1.99
486,18,480,2,2,4.99
487,18,481,2,2,4.99
488,18,482,2,2,0.99
489,18,483,2,2,0.99
490,19,484,2,2,0.99
491,19,485,2,2,9.99
492,19,486,1,1,6.99
493,19,487,1,1,2.99
494,19,488,2,2,2.99
495,19,489,2,2,2.99
496,19,490,1,1,2.99
497,19,491,1,1,2.99
498,19,492,2,2,2.99
499,19,493,2,2,4.99
500,19,494,2,2,4.99
501,19,495,1,1,5.99
502,19,496,1,1,0.99
503,19,497,2,2,9.99
504,19,498,1,1,7.99
505,19,499,2,2,8.99
506,19,500,1,1,5.99
507,19,501,1,1,9.99
508,19,502,2,2,2.99
509,19,503,1,1,8.99
510,19,504,2,2,8.99
511,19,505,1,1,4.99
512,19,506,1,1,2.99
513,19,507,2,2,0.99
514,20,508,2,2,2.99
515,20,509,2,2,6.99
516,20,510,2,2,1.99
517,20,511,2,2,0.99
518,20,512,2,2,3.99
519,20,513,2,2,4.99
520,20,514,1,1,4.99
521,20,515,2,2,3.99
522,20,516,1,1,2.99
523,20,517,1,1,2.99
524,20,518,1,1,2.99
525,20,519,2,2,6.99
526,20,520,2,2,4.99
527,20,521,2,2,5.99
528,20,522,2,2,2.99
529,20,523,2,2,4.99
530,20,524,2,2,3.99
531,20,525,2,2,4.99
532,20,526,1,1,7.99
533,20,527,1,1,1.99
534,20,528,1,1,0.99
535,20,529,1,1,0.99
536,20,530,2,2,4.99
537,20,531,1,1,4.99
538,20,532,2,2,2.99
539,20,533,2,2,2.99
540,20,534,2,2,6.99
541,20,535,1,1,1.99
542,20,536,2,2,0.99
543,20,537,1,1,2.99
544,21,538,1,1,3.99
545,21,539,2,2,3.99
546,21,540,1,1,0.99
547,21,541,2,2,7.99
548,21,542,1,1,4.99
549,21,543,1,1,2.99
550,21,544,2,2,4.99
551,21,545,1,1,10.99
552,21,546,2,2,4.99
553,21,547,1,1,3.99
554,21,548,1,1,2.99
555,21,549,2,2,1.99
556,21,550,1,1,0.99
557,21,551,2,2,6.99
558,21,552,2,2,2.99
559,21,553,2,2,0.99
560,21,554,1,1,5.99
561,21,555,2,2,4.99
562,21,556,1,1,0.99
563,21,557,2,2,0.99
564,21,558,2,2,0.99
565,21,559,2,2,2.99
566,21,560,2,2,4.99
567,21,561,1,1,6.99
568,21,562,1,1,2.99
569,21,563,2,2,4.99
570,21,564,1,1,4.99
571,21,565,1,1,8.99
572,21,566,1,1,9.99
573,21,567,1,1,4.99
574,21,568,2,2,8.99
575,21,569,2,2,2.99
576,21,570,2,2,2.99
577,21,571,1,1,4.99
578,21,145,1,1,2.99
579,22,572,1,1,4.99
580,22,573,1,1,4.99
581,22,574,2,2,8.99
582,22,575,1,1,2.99
583,22,576,2,2,2.99
584,22,577,1,1,6.99
585,22,578,1,1,2.99
586,22,579,1,1,4.99
587,22,580,1,1,7.99
588,22,581,2,2,0.99
589,22,582,1,1,4.99
590,22,583,1,1,5.99
591,22,584,1,1,2.99
592,22,585,2,2,0.99
593,22,586,2,2,9.99
594,22,587,1,1,2.99
595,22,588,1,1,6.99
596,22,589,1,1,7.99
597,22,590,1,1,6.99
598,22,591,1,1,4.99
599,22,592,1,1,4.99
600,22,145,1,1,4.99
601,23,593,1,1,8.99
602,23,594,1,1,2.99
603,23,595,2,2,0.99
604,23,596,1,1,1.99
605,23,597,1,1,0.99
606,23,598,1,1,5.99
607,23,599,1,1,4.99
608,23,600,1,1,2.99
609,23,601,2,2,3.99
610,23,602,2,2,2.99
611,23,603,2,2,2.99
612,23,604,1,1,2.99
613,23,605,1,1,2.99
614,23,606,2,2,5.99
615,23,607,1,1,7.99
616,23,608,1,1,2.99
617,23,609,2,2,0.99
618,23,610,2,2,5.99
619,23,611,2,2,9.99
620,23,612,2,2,3.99
621,23,613,1,1,6.99
622,23,614,1,1,2.99
623,23,615,2,2,2.99
624,23,616,2,2,2.99
625,23,617,2,2,4.99
626,23,618,2,2,6.99
627,23,619,2,2,0.99
628,23,620,2,2,0.99
629,23,621,2,2,2.99
630,23,145,2,2,2.99
631,24,622,2,2,6.99
632,24,623,2,2,2.99
633,24,624,1,1,2.99
634,24,625,1,1,2.99
635,24,626,2,2,4.99
636,24,627,1,1,5.99
637,24,628,2,2,7.99
638,24,629,2,2,7.99
639,24,630,2,2,2.99
640,24,631,1,1,0.99
641,24,632,2,2,0.99
642,24,633,1,1,4.99
643,24,634,1,1,1.99
644,24,635,1,1,4.99
645,24,636,1,1,0.99
646,24,637,2,2,0.99
647,24,638,2,2,2.99
648,24,639,1,1,2.99
649,24,640,2,2,2.99
650,24,641,2,2,8.99
651,24,642,1,1,2.99
652,24,643,1,1,1.99
653,24,644,2,2,4.99
654,24,645,1,1,0.99
655,24,646,2,2,4.99
656,25,647,1,1,7.99
657,25,648,2,2,2.99
658,25,649,1,1,4.99
659,25,650,1,1,2.99
660,25,651,2,2,6.99
661,25,652,2,2,8.99
662,25,653,1,1,4.99
663,25,654,1,1,4.99
664,25,655,1,1,2.99
665,25,656,1,1,0.99
666,25,657,2,2,2.99
667,25,658,1,1,2.99
668,25,659,1,1,4.99
669,25,660,2,2,2.99
670,25,661,2,2,2.99
671,25,662,2,2,0.99
672,25,663,1,1,8.99
673,25,664,2,2,2.99
674,25,665,2,2,2.99
675,25,666,2,2,2.99
676,25,667,1,1,5.99
677,25,668,2,2,2.99
678,25,669,1,1,2.99
679,25,670,1,1,0.99
680,25,671,1,1,0.99
681,25,672,1,1,4.99
682,25,673,1,1,4.99
683,25,674,1,1,0.99
684,25,675,1,1,5.99
685,26,676,1,1,2.99
686,26,677,2,2,2.99
687,26,678,1,1,5.99
688,26,679,2,2,4.99
689,26,680,1,1,9.99
690,26,681,2,2,3.99
691,26,682,2,2,6.99
692,26,683,1,1,4.99
693,26,684,1,1,4.99
694,26,685,1,1,2.99
695,26,686,1,1,4.99
696,26,687,1,1,4.99
697,26,688,2,2,0.99
698,26,689,1,1,6.99
699,26,690,1,1,3.99
700,26,691,1,1,6.99
701,26,692,1,1,2.99
702,26,693,1,1,1.99
703,26,694,2,2,2.99
704,26,695,2,2,0.99
705,26,696,1,1,4.99
706,26,697,1,1,0.99
707,26,698,1,1,3.99
708,26,699,1,1,3.99
709,26,700,2,2,2.99
710,26,701,1,1,0.99
711,26,702,1,1,5.99
712,26,703,2,2,4.99
713,26,704,2,2,4.99
714,26,705,2,2,8.99
715,26,706,2,2,1.99
716,26,707,1,1,7.99
717,26,708,1,1,2.99
718,26,709,1,1,7.99
719,27,710,2,2,2.99
720,27,711,1,1,4.99
721,27,712,2,2,4.99
722,27,713,2,2,2.99
723,27,714,2,2,3.99
724,27,715,2,2,2.99
725,27,716,1,1,4.99
726,27,717,1,1,1.99
727,27,718,2,2,3.99
728,27,719,2,2,0.99
729,27,720,1,1,5.99
730,27,721,1,1,0.99
731,27,722,1,1,4.99
732,27,723,2,2,0.99
733,27,724,2,2,5.99
734,27,725,2,2,4.99
735,27,726,1,1,1.99
736,27,727,2,2,0.99
737,27,728,2,2,5.99
738,27,729,1,1,7.99
739,27,730,1,1,4.99
740,27,731,1,1,7.99
741,27,732,1,1,4.99
742,27,733,1,1,0.99
743,27,734,1,1,8.99
744,27,735,2,2,6.99
745,27,736,2,2,5.99
746,27,737,2,2,0.99
747,27,738,1,1,2.99
748,27,739,2,2,4.99
749,27,740,1,1,0.99
750,28,741,2,2,2.99
751,28,742,1,1,2.99
752,28,743,2,2,2.99
753,28,744,1,1,4.99
754,28,745,2,2,3.99
755,28,746,2,2,0.99
756,28,747,1,1,0.99
757,28,748,1,1,0.99
758,28,749,2,2,0.99
759,28,750,2,2,4.99
760,28,751,2,2,2.99
761,28,752,1,1,5.99
762,28,753,2,2,0.99
763,28,754,2,2,0.99
764,28,755,1,1,9.99
765,28,756,1,1,4.99
766,28,757,1,1,2.99
767,28,758,2,2,2.99
768,28,759,2,2,4.99
769,28,760,2,2,4.99
770,28,761,2,2,2.99
771,28,762,2,2,6.99
772,28,763,1,1,2.99
773,28,764,1,1,3.99
774,28,765,2,2,2.99
775,28,766,1,1,0.99
776,28,767,1,1,2.99
777,28,768,2,2,4.99
778,28,769,2,2,2.99
779,28,770,1,1,4.99
780,28,771,1,1,2.99
781,28,145,2,2,2.99
782,29,772,2,2,1.99
783,29,773,1,1,0.99
784,29,774,1,1,0.99
785,29,775,1,1,7.99
786,29,776,1,1,2.99
787,29,777,2,2,2.99
788,29,778,2,2,2.99
789,29,779,1,1,2.99
790,29,780,2,2,6.99
791,29,781,1,1,0.99
792,29,782,2,2,0.99
793,29,783,2,2,10.99
794,29,784,1,1,1.99
795,29,785,2,2,3.99
796,29,786,1,1,6.99
797,29,787,1,1,0.99
798,29,788,2,2,2.99
799,29,789,2,2,4.99
800,29,790,1,1,4.99
801,29,791,1,1,5.99
802,29,792,2,2,1.99
803,29,793,1,1,4.99
804,29,794,2,2,2.99
805,29,795,1,1,4.99
806,29,796,1,1,2.99
807,29,797,2,2,6.99
808,29,798,2,2,6.99
809,29,799,2,2,2.99
810,29,800,1,1,0.99
811,29,801,2,2,2.99
812,29,802,1,1,3.99
813,29,803,1,1,0.99
814,29,804,1,1,4.99
815,29,805,1,1,7.99
816,29,806,1,1,5.99
817,29,145,2,2,0.99
818,30,807,2,2,1.99
819,30,808,2,2,2.99
820,30,809,2,2,4.99
821,30,810,2,2,2.99
822,30,811,1,1,4.99
823,30,812,2,2,2.99
824,30,813,2,2,2.99
825,30,814,2,2,5.99
826,30,815,1,1,9.99
827,30,816,1,1,0.99
828,30,817,2,2,7.99
829,30,818,1,1,0.99
830,30,819,2,2,2.99
831,30,820,2,2,2.99
832,30,821,2,2,4.99
833,30,822,1,1,4.99
834,30,823,2,2,4.99
835,30,824,1,1,4.99
836,30,825,1,1,2.99
837,30,826,2,2,2.99
838,30,827,2,2,0.99
839,30,828,1,1,0.99
840,30,829,1,1,2.99
841,30,830,1,1,6.99
842,30,831,1,1,2.99
843,30,832,1,1,2.99
844,30,833,2,2,0.99
845,30,834,1,1,0.99
846,30,835,1,1,4.99
847,30,836,1,1,0.99
848,30,837,1,1,2.99
849,30,838,1,1,4.99
850,30,839,1,1,4.99
851,30,840,2,2,2.99
852,31,841,2,2,4.99
853,31,842,1,1,1.99
854,31,843,1,1,0.99
855,31,844,2,2,6.99
856,31,845,1,1,7.99
857,31,846,2,2,0.99
858,31,847,1,1,0.99
859,31,848,2,2,4.99
860,31,849,2,2,2.99
861,31,850,2,2,1.99
862,31,851,1,1,0.99
863,31,852,1,1,4.99
864,31,853,2,2,4.99
865,31,854,1,1,6.99
866,31,855,2,2,9.99
867,31,856,1,1,3.99
868,31,857,2,2,4.99
869,31,858,1,1,1.99
870,31,859,2,2,3.99
871,31,860,2,2,2.99
872,31,861,2,2,2.99
873,31,862,2,2,0.99
874,31,863,2,2,4.99
875,31,864,1,1,0.99
876,31,865,2,2,6.99
877,31,866,2,2,6.99
878,32,867,2,2,4.99
879,32,868,2,2,4.99
880,32,869,2,2,4.99
881,32,870,2,2,6.99
882,32,871,2,2,0.99
883,32,872,2,2,5.99
884,32,873,2,2,1.99
885,32,874,1,1,2.99
886,32,875,1,1,2.99
887,32,876,2,2,2.99
888,32,877,2,2,0.99
889,32,878,1,1,9.99
890,32,879,1,1,0.99
891,32,880,1,1,2.99
892,32,881,1,1,3.99
893,32,882,2,2,2.99
894,32,883,1,1,6.99
895,32,884,1,1,5.99
896,32,885,1,1,2.99
897,32,886,2,2,5.99
898,32,887,2,2,2.99
899,32,888,2,2,2.99
900,32,889,1,1,4.99
901,32,890,2,2,4.99
902,32,891,2,2,9.99
903,32,892,1,1,8.99
904,32,893,1,1,1.99
905,32,894,1,1,0.99
906,32,895,2,2,5.99
907,33,896,1,1,2.99
908,33,897,1,1,10.99
909,33,898,2,2,8.99
910,33,899,1,1,5.99
911,33,900,1,1,0.99
912,33,901,1,1,4.99
913,33,902,2,2,0.99
914,33,903,1,1,4.99
915,33,904,1,1,4.99
916,33,905,2,2,4.99
917,33,906,1,1,1.99
918,33,907,2,2,2.99
919,33,908,1,1,4.99
920,33,909,1,1,7.99
921,33,910,1,1,2.99
922,33,911,1,1,7.99
923,33,912,1,1,0.99
924,33,913,1,1,0.99
925,33,914,1,1,5.99
926,33,915,2,2,2.99
927,33,145,1,1,0.99
928,34,916,1,1,4.99
929,34,917,2,2,5.99
930,34,918,1,1,0.99
931,34,919,2,2,3.99
932,34,920,1,1,2.99
933,34,921,1,1,4.99
934,34,922,2,2,4.99
935,34,923,2,2,5.99
936,34,924,2,2,2.99
937,34,925,2,2,2.99
938,34,926,1,1,0.99
939,34,927,1,1,3.99
940,34,928,1,1,0.99
941,34,929,1,1,4.99
942,34,930,2,2,0.99
943,34,931,1,1,2.99
944,34,932,2,2,4.99
945,34,933,2,2,2.99
946,34,934,1,1,2.99
947,34,935,1,1,0.99
948,34,936,1,1,4.99
949,34,937,2,2,2.99
950,34,938,1,1,5.99
951,34,939,2,2,7.99
952,35,940,2,2,3.99
953,35,941,1,1,6.99
954,35,942,1,1,0.99
955,35,943,1,1,2.99
956,35,944,1,1,4.99
957,35,945,1,1,0.99
958,35,946,1,1,2.99
959,35,947,2,2,4.99
960,35,948,2,2,2.99
961,35,949,2,2,4.99
962,35,950,2,2,0.99
963,35,951,1,1,2.99
964,35,952,2,2,0.99
965,35,953,1,1,5.99
966,35,954,1,1,0.99
967,35,955,1,1,5.99
968,35,956,1,1,4.99
969,35,957,1,1,4.99
970,35,958,1,1,4.99
971,35,959,1,1,4.99
972,35,960,1,1,6.99
973,35,961,1,1,5.99
974,35,962,2,2,2.99
975,35,963,1,1,6.99
976,35,964,1,1,1.99
977,35,965,1,1,7.99
978,35,966,1,1,4.99
979,35,967,1,1,4.99
980,35,968,1,1,2.99
981,35,969,1,1,0.99
982,35,970,2,2,2.99
983,35,971,2,2,4.99
984,36,972,1,1,0.99
985,36,973,1,1,0.99
986,36,974,2,2,0.99
987,36,975,2,2,0.99
988,36,976,2,2,4.99
989,36,977,2,2,4.99
990,36,978,1,1,0.99
991,36,979,2,2,0.99
992,36,980,1,1,6.99
993,36,981,1,1,0.99
994,36,982,2,2,6.99
995,36,983,2,2,0.99
996,36,984,1,1,2.99
997,36,985,1,1,4.99
998,36,986,1,1,2.99
999,36,987,2,2,0.99
1000,36,988,2,2,2.99
1001,36,989,2,2,2.99
